ISO-10303-21;
HEADER;
/* Generated by software containing ST-Developer
 * from STEP Tools, Inc. (www.steptools.com) 
 */

FILE_DESCRIPTION(
/* description */ (''),
/* implementation_level */ '2;1');

FILE_NAME(
/* name */ 'box_for_ntp_server.step',
/* time_stamp */ '2026-07-07T22:37:16+02:00',
/* author */ (''),
/* organization */ (''),
/* preprocessor_version */ 'ST-DEVELOPER v20.1',
/* originating_system */ 'Autodesk Translation Framework v15.8.0.0',
/* authorisation */ '');

FILE_SCHEMA (('AUTOMOTIVE_DESIGN { 1 0 10303 214 3 1 1 }'));
ENDSEC;

DATA;
#10=MECHANICAL_DESIGN_GEOMETRIC_PRESENTATION_REPRESENTATION('',(#27,#28),
#3748);
#11=ITEM_DEFINED_TRANSFORMATION($,$,#2244,#2445);
#12=ITEM_DEFINED_TRANSFORMATION($,$,#2366,#2446);
#13=ITEM_DEFINED_TRANSFORMATION($,$,#2243,#2447);
#14=(
REPRESENTATION_RELATIONSHIP($,$,#3766,#3765)
REPRESENTATION_RELATIONSHIP_WITH_TRANSFORMATION(#11)
SHAPE_REPRESENTATION_RELATIONSHIP()
);
#15=(
REPRESENTATION_RELATIONSHIP($,$,#3767,#3765)
REPRESENTATION_RELATIONSHIP_WITH_TRANSFORMATION(#12)
SHAPE_REPRESENTATION_RELATIONSHIP()
);
#16=(
REPRESENTATION_RELATIONSHIP($,$,#3765,#3764)
REPRESENTATION_RELATIONSHIP_WITH_TRANSFORMATION(#13)
SHAPE_REPRESENTATION_RELATIONSHIP()
);
#17=CONTEXT_DEPENDENT_SHAPE_REPRESENTATION(#14,#3761);
#18=CONTEXT_DEPENDENT_SHAPE_REPRESENTATION(#15,#3762);
#19=CONTEXT_DEPENDENT_SHAPE_REPRESENTATION(#16,#3763);
#20=NEXT_ASSEMBLY_USAGE_OCCURRENCE('Case:1','Case:1','Case:1',#3770,#3771,
'Case:1');
#21=NEXT_ASSEMBLY_USAGE_OCCURRENCE('Top Cover:1','Top Cover:1',
'Top Cover:1',#3770,#3772,'Top Cover:1');
#22=NEXT_ASSEMBLY_USAGE_OCCURRENCE('Enclosure:1','Enclosure:1',
'Enclosure:1',#3769,#3770,'Enclosure:1');
#23=SHAPE_REPRESENTATION_RELATIONSHIP('SRR','None',#3766,#25);
#24=SHAPE_REPRESENTATION_RELATIONSHIP('SRR','None',#3767,#26);
#25=ADVANCED_BREP_SHAPE_REPRESENTATION('',(#29),#3746);
#26=ADVANCED_BREP_SHAPE_REPRESENTATION('',(#30),#3747);
#27=STYLED_ITEM('',(#3788),#29);
#28=STYLED_ITEM('',(#3789),#30);
#29=MANIFOLD_SOLID_BREP('K\X\F6rper1',#2217);
#30=MANIFOLD_SOLID_BREP('K\X\F6rper1',#2218);
#31=ELLIPSE('',#2316,0.707107097288126,0.5);
#32=ELLIPSE('',#2319,0.707107413389839,0.5);
#33=TOROIDAL_SURFACE('',#2279,3.6,0.5);
#34=FACE_BOUND('',#677,.T.);
#35=FACE_BOUND('',#678,.T.);
#36=FACE_BOUND('',#679,.T.);
#37=FACE_BOUND('',#690,.T.);
#38=FACE_BOUND('',#694,.T.);
#39=FACE_BOUND('',#697,.T.);
#40=FACE_BOUND('',#702,.T.);
#41=FACE_BOUND('',#707,.T.);
#42=FACE_BOUND('',#712,.T.);
#43=FACE_BOUND('',#733,.T.);
#44=FACE_BOUND('',#750,.T.);
#45=FACE_BOUND('',#777,.T.);
#46=FACE_BOUND('',#783,.T.);
#47=FACE_BOUND('',#799,.T.);
#48=FACE_BOUND('',#808,.T.);
#49=LINE('',#3108,#276);
#50=LINE('',#3111,#277);
#51=LINE('',#3116,#278);
#52=LINE('',#3121,#279);
#53=LINE('',#3125,#280);
#54=LINE('',#3131,#281);
#55=LINE('',#3135,#282);
#56=LINE('',#3139,#283);
#57=LINE('',#3143,#284);
#58=LINE('',#3147,#285);
#59=LINE('',#3149,#286);
#60=LINE('',#3155,#287);
#61=LINE('',#3158,#288);
#62=LINE('',#3161,#289);
#63=LINE('',#3177,#290);
#64=LINE('',#3180,#291);
#65=LINE('',#3186,#292);
#66=LINE('',#3190,#293);
#67=LINE('',#3192,#294);
#68=LINE('',#3193,#295);
#69=LINE('',#3197,#296);
#70=LINE('',#3209,#297);
#71=LINE('',#3215,#298);
#72=LINE('',#3222,#299);
#73=LINE('',#3230,#300);
#74=LINE('',#3233,#301);
#75=LINE('',#3240,#302);
#76=LINE('',#3243,#303);
#77=LINE('',#3248,#304);
#78=LINE('',#3250,#305);
#79=LINE('',#3252,#306);
#80=LINE('',#3254,#307);
#81=LINE('',#3256,#308);
#82=LINE('',#3258,#309);
#83=LINE('',#3259,#310);
#84=LINE('',#3262,#311);
#85=LINE('',#3264,#312);
#86=LINE('',#3267,#313);
#87=LINE('',#3269,#314);
#88=LINE('',#3271,#315);
#89=LINE('',#3273,#316);
#90=LINE('',#3275,#317);
#91=LINE('',#3276,#318);
#92=LINE('',#3282,#319);
#93=LINE('',#3286,#320);
#94=LINE('',#3293,#321);
#95=LINE('',#3296,#322);
#96=LINE('',#3302,#323);
#97=LINE('',#3305,#324);
#98=LINE('',#3307,#325);
#99=LINE('',#3308,#326);
#100=LINE('',#3313,#327);
#101=LINE('',#3314,#328);
#102=LINE('',#3316,#329);
#103=LINE('',#3317,#330);
#104=LINE('',#3320,#331);
#105=LINE('',#3322,#332);
#106=LINE('',#3323,#333);
#107=LINE('',#3326,#334);
#108=LINE('',#3328,#335);
#109=LINE('',#3329,#336);
#110=LINE('',#3332,#337);
#111=LINE('',#3334,#338);
#112=LINE('',#3335,#339);
#113=LINE('',#3337,#340);
#114=LINE('',#3338,#341);
#115=LINE('',#3340,#342);
#116=LINE('',#3342,#343);
#117=LINE('',#3344,#344);
#118=LINE('',#3348,#345);
#119=LINE('',#3350,#346);
#120=LINE('',#3351,#347);
#121=LINE('',#3355,#348);
#122=LINE('',#3356,#349);
#123=LINE('',#3357,#350);
#124=LINE('',#3360,#351);
#125=LINE('',#3361,#352);
#126=LINE('',#3363,#353);
#127=LINE('',#3367,#354);
#128=LINE('',#3369,#355);
#129=LINE('',#3371,#356);
#130=LINE('',#3372,#357);
#131=LINE('',#3377,#358);
#132=LINE('',#3381,#359);
#133=LINE('',#3385,#360);
#134=LINE('',#3388,#361);
#135=LINE('',#3390,#362);
#136=LINE('',#3393,#363);
#137=LINE('',#3396,#364);
#138=LINE('',#3397,#365);
#139=LINE('',#3400,#366);
#140=LINE('',#3401,#367);
#141=LINE('',#3403,#368);
#142=LINE('',#3407,#369);
#143=LINE('',#3409,#370);
#144=LINE('',#3413,#371);
#145=LINE('',#3416,#372);
#146=LINE('',#3419,#373);
#147=LINE('',#3424,#374);
#148=LINE('',#3427,#375);
#149=LINE('',#3429,#376);
#150=LINE('',#3432,#377);
#151=LINE('',#3433,#378);
#152=LINE('',#3434,#379);
#153=LINE('',#3436,#380);
#154=LINE('',#3443,#381);
#155=LINE('',#3445,#382);
#156=LINE('',#3447,#383);
#157=LINE('',#3448,#384);
#158=LINE('',#3451,#385);
#159=LINE('',#3453,#386);
#160=LINE('',#3454,#387);
#161=LINE('',#3457,#388);
#162=LINE('',#3459,#389);
#163=LINE('',#3460,#390);
#164=LINE('',#3462,#391);
#165=LINE('',#3463,#392);
#166=LINE('',#3467,#393);
#167=LINE('',#3469,#394);
#168=LINE('',#3471,#395);
#169=LINE('',#3472,#396);
#170=LINE('',#3475,#397);
#171=LINE('',#3477,#398);
#172=LINE('',#3478,#399);
#173=LINE('',#3482,#400);
#174=LINE('',#3484,#401);
#175=LINE('',#3486,#402);
#176=LINE('',#3487,#403);
#177=LINE('',#3490,#404);
#178=LINE('',#3492,#405);
#179=LINE('',#3493,#406);
#180=LINE('',#3499,#407);
#181=LINE('',#3502,#408);
#182=LINE('',#3505,#409);
#183=LINE('',#3507,#410);
#184=LINE('',#3508,#411);
#185=LINE('',#3512,#412);
#186=LINE('',#3514,#413);
#187=LINE('',#3516,#414);
#188=LINE('',#3517,#415);
#189=LINE('',#3523,#416);
#190=LINE('',#3526,#417);
#191=LINE('',#3528,#418);
#192=LINE('',#3529,#419);
#193=LINE('',#3535,#420);
#194=LINE('',#3541,#421);
#195=LINE('',#3544,#422);
#196=LINE('',#3546,#423);
#197=LINE('',#3547,#424);
#198=LINE('',#3550,#425);
#199=LINE('',#3552,#426);
#200=LINE('',#3553,#427);
#201=LINE('',#3556,#428);
#202=LINE('',#3558,#429);
#203=LINE('',#3559,#430);
#204=LINE('',#3562,#431);
#205=LINE('',#3564,#432);
#206=LINE('',#3566,#433);
#207=LINE('',#3567,#434);
#208=LINE('',#3570,#435);
#209=LINE('',#3572,#436);
#210=LINE('',#3574,#437);
#211=LINE('',#3575,#438);
#212=LINE('',#3577,#439);
#213=LINE('',#3578,#440);
#214=LINE('',#3582,#441);
#215=LINE('',#3584,#442);
#216=LINE('',#3586,#443);
#217=LINE('',#3587,#444);
#218=LINE('',#3589,#445);
#219=LINE('',#3591,#446);
#220=LINE('',#3592,#447);
#221=LINE('',#3595,#448);
#222=LINE('',#3596,#449);
#223=LINE('',#3598,#450);
#224=LINE('',#3599,#451);
#225=LINE('',#3602,#452);
#226=LINE('',#3605,#453);
#227=LINE('',#3607,#454);
#228=LINE('',#3608,#455);
#229=LINE('',#3611,#456);
#230=LINE('',#3612,#457);
#231=LINE('',#3615,#458);
#232=LINE('',#3616,#459);
#233=LINE('',#3620,#460);
#234=LINE('',#3624,#461);
#235=LINE('',#3628,#462);
#236=LINE('',#3632,#463);
#237=LINE('',#3636,#464);
#238=LINE('',#3638,#465);
#239=LINE('',#3639,#466);
#240=LINE('',#3642,#467);
#241=LINE('',#3644,#468);
#242=LINE('',#3645,#469);
#243=LINE('',#3648,#470);
#244=LINE('',#3650,#471);
#245=LINE('',#3651,#472);
#246=LINE('',#3654,#473);
#247=LINE('',#3655,#474);
#248=LINE('',#3658,#475);
#249=LINE('',#3659,#476);
#250=LINE('',#3662,#477);
#251=LINE('',#3664,#478);
#252=LINE('',#3665,#479);
#253=LINE('',#3669,#480);
#254=LINE('',#3671,#481);
#255=LINE('',#3673,#482);
#256=LINE('',#3674,#483);
#257=LINE('',#3680,#484);
#258=LINE('',#3682,#485);
#259=LINE('',#3683,#486);
#260=LINE('',#3689,#487);
#261=LINE('',#3692,#488);
#262=LINE('',#3694,#489);
#263=LINE('',#3695,#490);
#264=LINE('',#3701,#491);
#265=LINE('',#3703,#492);
#266=LINE('',#3704,#493);
#267=LINE('',#3712,#494);
#268=LINE('',#3713,#495);
#269=LINE('',#3714,#496);
#270=LINE('',#3718,#497);
#271=LINE('',#3721,#498);
#272=LINE('',#3722,#499);
#273=LINE('',#3726,#500);
#274=LINE('',#3729,#501);
#275=LINE('',#3730,#502);
#276=VECTOR('',#2466,10.);
#277=VECTOR('',#2469,10.);
#278=VECTOR('',#2474,3.75);
#279=VECTOR('',#2479,10.);
#280=VECTOR('',#2482,10.);
#281=VECTOR('',#2487,10.);
#282=VECTOR('',#2490,10.);
#283=VECTOR('',#2493,10.);
#284=VECTOR('',#2496,10.);
#285=VECTOR('',#2499,10.);
#286=VECTOR('',#2502,10.);
#287=VECTOR('',#2509,2.75);
#288=VECTOR('',#2512,4.);
#289=VECTOR('',#2517,2.75);
#290=VECTOR('',#2524,10.);
#291=VECTOR('',#2527,10.);
#292=VECTOR('',#2530,3.75);
#293=VECTOR('',#2535,10.);
#294=VECTOR('',#2536,10.);
#295=VECTOR('',#2537,10.);
#296=VECTOR('',#2542,2.75);
#297=VECTOR('',#2557,3.1);
#298=VECTOR('',#2564,1.25);
#299=VECTOR('',#2573,1.25);
#300=VECTOR('',#2584,1.25);
#301=VECTOR('',#2589,10.);
#302=VECTOR('',#2598,1.25);
#303=VECTOR('',#2603,10.);
#304=VECTOR('',#2610,10.);
#305=VECTOR('',#2611,10.);
#306=VECTOR('',#2612,10.);
#307=VECTOR('',#2613,10.);
#308=VECTOR('',#2614,10.);
#309=VECTOR('',#2615,10.);
#310=VECTOR('',#2616,10.);
#311=VECTOR('',#2619,10.);
#312=VECTOR('',#2622,10.);
#313=VECTOR('',#2625,10.);
#314=VECTOR('',#2626,10.);
#315=VECTOR('',#2627,10.);
#316=VECTOR('',#2628,10.);
#317=VECTOR('',#2629,10.);
#318=VECTOR('',#2630,10.);
#319=VECTOR('',#2637,10.);
#320=VECTOR('',#2640,10.);
#321=VECTOR('',#2647,10.);
#322=VECTOR('',#2650,10.);
#323=VECTOR('',#2655,10.);
#324=VECTOR('',#2658,10.);
#325=VECTOR('',#2661,10.);
#326=VECTOR('',#2662,10.);
#327=VECTOR('',#2667,10.);
#328=VECTOR('',#2668,10.);
#329=VECTOR('',#2671,10.);
#330=VECTOR('',#2672,10.);
#331=VECTOR('',#2675,10.);
#332=VECTOR('',#2676,10.);
#333=VECTOR('',#2677,10.);
#334=VECTOR('',#2680,10.);
#335=VECTOR('',#2681,10.);
#336=VECTOR('',#2682,10.);
#337=VECTOR('',#2685,10.);
#338=VECTOR('',#2686,10.);
#339=VECTOR('',#2687,10.);
#340=VECTOR('',#2690,10.);
#341=VECTOR('',#2691,10.);
#342=VECTOR('',#2694,10.);
#343=VECTOR('',#2697,10.);
#344=VECTOR('',#2700,10.);
#345=VECTOR('',#2703,10.);
#346=VECTOR('',#2704,10.);
#347=VECTOR('',#2705,10.);
#348=VECTOR('',#2708,10.);
#349=VECTOR('',#2709,10.);
#350=VECTOR('',#2710,10.);
#351=VECTOR('',#2713,10.);
#352=VECTOR('',#2714,10.);
#353=VECTOR('',#2717,10.);
#354=VECTOR('',#2720,10.);
#355=VECTOR('',#2721,10.);
#356=VECTOR('',#2722,10.);
#357=VECTOR('',#2723,10.);
#358=VECTOR('',#2728,10.);
#359=VECTOR('',#2731,10.);
#360=VECTOR('',#2734,10.);
#361=VECTOR('',#2737,10.);
#362=VECTOR('',#2740,10.);
#363=VECTOR('',#2743,10.);
#364=VECTOR('',#2746,10.);
#365=VECTOR('',#2747,10.);
#366=VECTOR('',#2750,10.);
#367=VECTOR('',#2751,10.);
#368=VECTOR('',#2754,10.);
#369=VECTOR('',#2761,10.);
#370=VECTOR('',#2764,10.);
#371=VECTOR('',#2769,10.);
#372=VECTOR('',#2772,10.);
#373=VECTOR('',#2775,10.);
#374=VECTOR('',#2780,10.);
#375=VECTOR('',#2783,10.);
#376=VECTOR('',#2786,10.);
#377=VECTOR('',#2791,10.);
#378=VECTOR('',#2792,10.);
#379=VECTOR('',#2793,10.);
#380=VECTOR('',#2796,10.);
#381=VECTOR('',#2805,10.);
#382=VECTOR('',#2806,10.);
#383=VECTOR('',#2807,10.);
#384=VECTOR('',#2808,10.);
#385=VECTOR('',#2811,10.);
#386=VECTOR('',#2812,10.);
#387=VECTOR('',#2813,10.);
#388=VECTOR('',#2816,10.);
#389=VECTOR('',#2817,10.);
#390=VECTOR('',#2818,10.);
#391=VECTOR('',#2821,10.);
#392=VECTOR('',#2822,10.);
#393=VECTOR('',#2825,10.);
#394=VECTOR('',#2826,10.);
#395=VECTOR('',#2827,10.);
#396=VECTOR('',#2828,10.);
#397=VECTOR('',#2831,10.);
#398=VECTOR('',#2832,10.);
#399=VECTOR('',#2833,10.);
#400=VECTOR('',#2836,10.);
#401=VECTOR('',#2837,10.);
#402=VECTOR('',#2838,10.);
#403=VECTOR('',#2839,10.);
#404=VECTOR('',#2842,10.);
#405=VECTOR('',#2843,10.);
#406=VECTOR('',#2844,10.);
#407=VECTOR('',#2849,10.);
#408=VECTOR('',#2852,10.);
#409=VECTOR('',#2855,10.);
#410=VECTOR('',#2856,10.);
#411=VECTOR('',#2857,10.);
#412=VECTOR('',#2860,10.);
#413=VECTOR('',#2861,10.);
#414=VECTOR('',#2862,10.);
#415=VECTOR('',#2863,10.);
#416=VECTOR('',#2870,10.);
#417=VECTOR('',#2873,10.);
#418=VECTOR('',#2874,10.);
#419=VECTOR('',#2875,10.);
#420=VECTOR('',#2882,10.);
#421=VECTOR('',#2887,10.);
#422=VECTOR('',#2890,10.);
#423=VECTOR('',#2893,10.);
#424=VECTOR('',#2894,10.);
#425=VECTOR('',#2897,10.);
#426=VECTOR('',#2898,10.);
#427=VECTOR('',#2899,10.);
#428=VECTOR('',#2902,10.);
#429=VECTOR('',#2903,10.);
#430=VECTOR('',#2904,10.);
#431=VECTOR('',#2907,10.);
#432=VECTOR('',#2908,10.);
#433=VECTOR('',#2909,10.);
#434=VECTOR('',#2910,10.);
#435=VECTOR('',#2913,10.);
#436=VECTOR('',#2914,10.);
#437=VECTOR('',#2915,10.);
#438=VECTOR('',#2916,10.);
#439=VECTOR('',#2919,10.);
#440=VECTOR('',#2920,10.);
#441=VECTOR('',#2923,10.);
#442=VECTOR('',#2924,10.);
#443=VECTOR('',#2925,10.);
#444=VECTOR('',#2926,10.);
#445=VECTOR('',#2929,10.);
#446=VECTOR('',#2930,10.);
#447=VECTOR('',#2931,10.);
#448=VECTOR('',#2934,10.);
#449=VECTOR('',#2935,10.);
#450=VECTOR('',#2938,10.);
#451=VECTOR('',#2939,10.);
#452=VECTOR('',#2944,10.);
#453=VECTOR('',#2947,10.);
#454=VECTOR('',#2948,10.);
#455=VECTOR('',#2949,10.);
#456=VECTOR('',#2952,10.);
#457=VECTOR('',#2953,10.);
#458=VECTOR('',#2956,10.);
#459=VECTOR('',#2957,10.);
#460=VECTOR('',#2960,10.);
#461=VECTOR('',#2963,10.);
#462=VECTOR('',#2966,10.);
#463=VECTOR('',#2969,10.);
#464=VECTOR('',#2974,10.);
#465=VECTOR('',#2975,10.);
#466=VECTOR('',#2976,10.);
#467=VECTOR('',#2979,10.);
#468=VECTOR('',#2980,10.);
#469=VECTOR('',#2981,10.);
#470=VECTOR('',#2984,10.);
#471=VECTOR('',#2985,10.);
#472=VECTOR('',#2986,10.);
#473=VECTOR('',#2989,10.);
#474=VECTOR('',#2990,10.);
#475=VECTOR('',#2993,10.);
#476=VECTOR('',#2994,10.);
#477=VECTOR('',#2997,10.);
#478=VECTOR('',#2998,10.);
#479=VECTOR('',#2999,10.);
#480=VECTOR('',#3002,10.);
#481=VECTOR('',#3003,10.);
#482=VECTOR('',#3004,10.);
#483=VECTOR('',#3005,10.);
#484=VECTOR('',#3014,10.);
#485=VECTOR('',#3015,10.);
#486=VECTOR('',#3016,10.);
#487=VECTOR('',#3023,10.);
#488=VECTOR('',#3026,10.);
#489=VECTOR('',#3027,10.);
#490=VECTOR('',#3028,10.);
#491=VECTOR('',#3037,10.);
#492=VECTOR('',#3038,10.);
#493=VECTOR('',#3039,10.);
#494=VECTOR('',#3050,10.);
#495=VECTOR('',#3051,10.);
#496=VECTOR('',#3052,10.);
#497=VECTOR('',#3057,10.);
#498=VECTOR('',#3060,10.);
#499=VECTOR('',#3061,10.);
#500=VECTOR('',#3066,10.);
#501=VECTOR('',#3069,10.);
#502=VECTOR('',#3070,10.);
#503=CYLINDRICAL_SURFACE('',#2250,2.44744060646999);
#504=CYLINDRICAL_SURFACE('',#2265,2.75);
#505=CYLINDRICAL_SURFACE('',#2269,2.75);
#506=CYLINDRICAL_SURFACE('',#2272,2.44744060646998);
#507=CYLINDRICAL_SURFACE('',#2277,2.75);
#508=CYLINDRICAL_SURFACE('',#2285,3.1);
#509=CYLINDRICAL_SURFACE('',#2287,1.25);
#510=CYLINDRICAL_SURFACE('',#2291,1.25);
#511=CYLINDRICAL_SURFACE('',#2296,1.25);
#512=CYLINDRICAL_SURFACE('',#2302,1.25);
#513=CYLINDRICAL_SURFACE('',#2309,2.5);
#514=CYLINDRICAL_SURFACE('',#2312,2.5);
#515=CYLINDRICAL_SURFACE('',#2314,0.5);
#516=CYLINDRICAL_SURFACE('',#2317,0.5);
#517=CYLINDRICAL_SURFACE('',#2320,0.5);
#518=CYLINDRICAL_SURFACE('',#2323,0.5);
#519=CYLINDRICAL_SURFACE('',#2324,0.5);
#520=CYLINDRICAL_SURFACE('',#2326,0.5);
#521=CYLINDRICAL_SURFACE('',#2351,2.5);
#522=CYLINDRICAL_SURFACE('',#2352,2.5);
#523=CYLINDRICAL_SURFACE('',#2354,4.);
#524=CYLINDRICAL_SURFACE('',#2361,4.);
#525=CYLINDRICAL_SURFACE('',#2362,4.);
#526=CYLINDRICAL_SURFACE('',#2364,4.);
#527=CYLINDRICAL_SURFACE('',#2375,0.800000000000004);
#528=CYLINDRICAL_SURFACE('',#2380,0.800000000000004);
#529=CYLINDRICAL_SURFACE('',#2384,0.799999999999998);
#530=CYLINDRICAL_SURFACE('',#2387,0.8);
#531=CYLINDRICAL_SURFACE('',#2417,2.3);
#532=CYLINDRICAL_SURFACE('',#2421,2.3);
#533=CYLINDRICAL_SURFACE('',#2425,2.3);
#534=CYLINDRICAL_SURFACE('',#2429,2.3);
#535=CYLINDRICAL_SURFACE('',#2434,4.);
#536=CYLINDRICAL_SURFACE('',#2437,4.);
#537=CYLINDRICAL_SURFACE('',#2440,4.);
#538=CYLINDRICAL_SURFACE('',#2442,4.00000000000002);
#539=(
BOUNDED_CURVE()
B_SPLINE_CURVE(2,(#3096,#3097,#3098),.UNSPECIFIED.,.F.,.F.)
B_SPLINE_CURVE_WITH_KNOTS((3,3),(0.,0.246993518620154),.UNSPECIFIED.)
CURVE()
GEOMETRIC_REPRESENTATION_ITEM()
RATIONAL_B_SPLINE_CURVE((1.,1.05054000675438,1.))
REPRESENTATION_ITEM('')
);
#540=(
BOUNDED_CURVE()
B_SPLINE_CURVE(2,(#3102,#3103,#3104),.UNSPECIFIED.,.F.,.F.)
B_SPLINE_CURVE_WITH_KNOTS((3,3),(0.,0.246993518620155),.UNSPECIFIED.)
CURVE()
GEOMETRIC_REPRESENTATION_ITEM()
RATIONAL_B_SPLINE_CURVE((1.,1.05054000675455,1.))
REPRESENTATION_ITEM('')
);
#541=(
BOUNDED_CURVE()
B_SPLINE_CURVE(2,(#3163,#3164,#3165),.UNSPECIFIED.,.F.,.F.)
B_SPLINE_CURVE_WITH_KNOTS((3,3),(0.,0.35128619850238),.UNSPECIFIED.)
CURVE()
GEOMETRIC_REPRESENTATION_ITEM()
RATIONAL_B_SPLINE_CURVE((1.,1.1491468688233,1.))
REPRESENTATION_ITEM('')
);
#542=(
BOUNDED_CURVE()
B_SPLINE_CURVE(2,(#3167,#3168,#3169),.UNSPECIFIED.,.F.,.F.)
B_SPLINE_CURVE_WITH_KNOTS((3,3),(0.,0.169675016795474),.UNSPECIFIED.)
CURVE()
GEOMETRIC_REPRESENTATION_ITEM()
RATIONAL_B_SPLINE_CURVE((1.,1.02812544473706,1.))
REPRESENTATION_ITEM('')
);
#543=(
BOUNDED_CURVE()
B_SPLINE_CURVE(2,(#3172,#3173,#3174),.UNSPECIFIED.,.F.,.F.)
B_SPLINE_CURVE_WITH_KNOTS((3,3),(0.,0.169675016795474),.UNSPECIFIED.)
CURVE()
GEOMETRIC_REPRESENTATION_ITEM()
RATIONAL_B_SPLINE_CURVE((1.,1.02812544473693,1.))
REPRESENTATION_ITEM('')
);
#544=(
BOUNDED_CURVE()
B_SPLINE_CURVE(2,(#3182,#3183,#3184),.UNSPECIFIED.,.F.,.F.)
B_SPLINE_CURVE_WITH_KNOTS((3,3),(0.,0.815475321515006),.UNSPECIFIED.)
CURVE()
GEOMETRIC_REPRESENTATION_ITEM()
RATIONAL_B_SPLINE_CURVE((1.,1.58333333333333,1.))
REPRESENTATION_ITEM('')
);
#545=CONICAL_SURFACE('',#2247,3.19744060646999,0.78539816339745);
#546=CONICAL_SURFACE('',#2252,3.75,0.785398163397449);
#547=CONICAL_SURFACE('',#2267,4.,0.785398163397448);
#548=CONICAL_SURFACE('',#2270,2.94744060646997,0.785398163397447);
#549=CONICAL_SURFACE('',#2274,3.75,0.785398163397449);
#550=FACE_OUTER_BOUND('',#672,.T.);
#551=FACE_OUTER_BOUND('',#673,.T.);
#552=FACE_OUTER_BOUND('',#674,.T.);
#553=FACE_OUTER_BOUND('',#675,.T.);
#554=FACE_OUTER_BOUND('',#676,.T.);
#555=FACE_OUTER_BOUND('',#680,.T.);
#556=FACE_OUTER_BOUND('',#681,.T.);
#557=FACE_OUTER_BOUND('',#682,.T.);
#558=FACE_OUTER_BOUND('',#683,.T.);
#559=FACE_OUTER_BOUND('',#684,.T.);
#560=FACE_OUTER_BOUND('',#685,.T.);
#561=FACE_OUTER_BOUND('',#686,.T.);
#562=FACE_OUTER_BOUND('',#687,.T.);
#563=FACE_OUTER_BOUND('',#688,.T.);
#564=FACE_OUTER_BOUND('',#689,.T.);
#565=FACE_OUTER_BOUND('',#691,.T.);
#566=FACE_OUTER_BOUND('',#692,.T.);
#567=FACE_OUTER_BOUND('',#693,.T.);
#568=FACE_OUTER_BOUND('',#695,.T.);
#569=FACE_OUTER_BOUND('',#696,.T.);
#570=FACE_OUTER_BOUND('',#698,.T.);
#571=FACE_OUTER_BOUND('',#699,.T.);
#572=FACE_OUTER_BOUND('',#700,.T.);
#573=FACE_OUTER_BOUND('',#701,.T.);
#574=FACE_OUTER_BOUND('',#703,.T.);
#575=FACE_OUTER_BOUND('',#704,.T.);
#576=FACE_OUTER_BOUND('',#705,.T.);
#577=FACE_OUTER_BOUND('',#706,.T.);
#578=FACE_OUTER_BOUND('',#708,.T.);
#579=FACE_OUTER_BOUND('',#709,.T.);
#580=FACE_OUTER_BOUND('',#710,.T.);
#581=FACE_OUTER_BOUND('',#711,.T.);
#582=FACE_OUTER_BOUND('',#713,.T.);
#583=FACE_OUTER_BOUND('',#714,.T.);
#584=FACE_OUTER_BOUND('',#715,.T.);
#585=FACE_OUTER_BOUND('',#716,.T.);
#586=FACE_OUTER_BOUND('',#717,.T.);
#587=FACE_OUTER_BOUND('',#718,.T.);
#588=FACE_OUTER_BOUND('',#719,.T.);
#589=FACE_OUTER_BOUND('',#720,.T.);
#590=FACE_OUTER_BOUND('',#721,.T.);
#591=FACE_OUTER_BOUND('',#722,.T.);
#592=FACE_OUTER_BOUND('',#723,.T.);
#593=FACE_OUTER_BOUND('',#724,.T.);
#594=FACE_OUTER_BOUND('',#725,.T.);
#595=FACE_OUTER_BOUND('',#726,.T.);
#596=FACE_OUTER_BOUND('',#727,.T.);
#597=FACE_OUTER_BOUND('',#728,.T.);
#598=FACE_OUTER_BOUND('',#729,.T.);
#599=FACE_OUTER_BOUND('',#730,.T.);
#600=FACE_OUTER_BOUND('',#731,.T.);
#601=FACE_OUTER_BOUND('',#732,.T.);
#602=FACE_OUTER_BOUND('',#734,.T.);
#603=FACE_OUTER_BOUND('',#735,.T.);
#604=FACE_OUTER_BOUND('',#736,.T.);
#605=FACE_OUTER_BOUND('',#737,.T.);
#606=FACE_OUTER_BOUND('',#738,.T.);
#607=FACE_OUTER_BOUND('',#739,.T.);
#608=FACE_OUTER_BOUND('',#740,.T.);
#609=FACE_OUTER_BOUND('',#741,.T.);
#610=FACE_OUTER_BOUND('',#742,.T.);
#611=FACE_OUTER_BOUND('',#743,.T.);
#612=FACE_OUTER_BOUND('',#744,.T.);
#613=FACE_OUTER_BOUND('',#745,.T.);
#614=FACE_OUTER_BOUND('',#746,.T.);
#615=FACE_OUTER_BOUND('',#747,.T.);
#616=FACE_OUTER_BOUND('',#748,.T.);
#617=FACE_OUTER_BOUND('',#749,.T.);
#618=FACE_OUTER_BOUND('',#751,.T.);
#619=FACE_OUTER_BOUND('',#752,.T.);
#620=FACE_OUTER_BOUND('',#753,.T.);
#621=FACE_OUTER_BOUND('',#754,.T.);
#622=FACE_OUTER_BOUND('',#755,.T.);
#623=FACE_OUTER_BOUND('',#756,.T.);
#624=FACE_OUTER_BOUND('',#757,.T.);
#625=FACE_OUTER_BOUND('',#758,.T.);
#626=FACE_OUTER_BOUND('',#759,.T.);
#627=FACE_OUTER_BOUND('',#760,.T.);
#628=FACE_OUTER_BOUND('',#761,.T.);
#629=FACE_OUTER_BOUND('',#762,.T.);
#630=FACE_OUTER_BOUND('',#763,.T.);
#631=FACE_OUTER_BOUND('',#764,.T.);
#632=FACE_OUTER_BOUND('',#765,.T.);
#633=FACE_OUTER_BOUND('',#766,.T.);
#634=FACE_OUTER_BOUND('',#767,.T.);
#635=FACE_OUTER_BOUND('',#768,.T.);
#636=FACE_OUTER_BOUND('',#769,.T.);
#637=FACE_OUTER_BOUND('',#770,.T.);
#638=FACE_OUTER_BOUND('',#771,.T.);
#639=FACE_OUTER_BOUND('',#772,.T.);
#640=FACE_OUTER_BOUND('',#773,.T.);
#641=FACE_OUTER_BOUND('',#774,.T.);
#642=FACE_OUTER_BOUND('',#775,.T.);
#643=FACE_OUTER_BOUND('',#776,.T.);
#644=FACE_OUTER_BOUND('',#778,.T.);
#645=FACE_OUTER_BOUND('',#779,.T.);
#646=FACE_OUTER_BOUND('',#780,.T.);
#647=FACE_OUTER_BOUND('',#781,.T.);
#648=FACE_OUTER_BOUND('',#782,.T.);
#649=FACE_OUTER_BOUND('',#784,.T.);
#650=FACE_OUTER_BOUND('',#785,.T.);
#651=FACE_OUTER_BOUND('',#786,.T.);
#652=FACE_OUTER_BOUND('',#787,.T.);
#653=FACE_OUTER_BOUND('',#788,.T.);
#654=FACE_OUTER_BOUND('',#789,.T.);
#655=FACE_OUTER_BOUND('',#790,.T.);
#656=FACE_OUTER_BOUND('',#791,.T.);
#657=FACE_OUTER_BOUND('',#792,.T.);
#658=FACE_OUTER_BOUND('',#793,.T.);
#659=FACE_OUTER_BOUND('',#794,.T.);
#660=FACE_OUTER_BOUND('',#795,.T.);
#661=FACE_OUTER_BOUND('',#796,.T.);
#662=FACE_OUTER_BOUND('',#797,.T.);
#663=FACE_OUTER_BOUND('',#798,.T.);
#664=FACE_OUTER_BOUND('',#800,.T.);
#665=FACE_OUTER_BOUND('',#801,.T.);
#666=FACE_OUTER_BOUND('',#802,.T.);
#667=FACE_OUTER_BOUND('',#803,.T.);
#668=FACE_OUTER_BOUND('',#804,.T.);
#669=FACE_OUTER_BOUND('',#805,.T.);
#670=FACE_OUTER_BOUND('',#806,.T.);
#671=FACE_OUTER_BOUND('',#807,.T.);
#672=EDGE_LOOP('',(#1395));
#673=EDGE_LOOP('',(#1396,#1397,#1398,#1399));
#674=EDGE_LOOP('',(#1400,#1401,#1402,#1403));
#675=EDGE_LOOP('',(#1404,#1405,#1406,#1407));
#676=EDGE_LOOP('',(#1408,#1409,#1410,#1411,#1412,#1413,#1414,#1415,#1416,
#1417,#1418,#1419,#1420,#1421,#1422));
#677=EDGE_LOOP('',(#1423,#1424));
#678=EDGE_LOOP('',(#1425));
#679=EDGE_LOOP('',(#1426));
#680=EDGE_LOOP('',(#1427,#1428,#1429,#1430));
#681=EDGE_LOOP('',(#1431,#1432,#1433,#1434));
#682=EDGE_LOOP('',(#1435,#1436,#1437,#1438));
#683=EDGE_LOOP('',(#1439,#1440,#1441,#1442,#1443,#1444));
#684=EDGE_LOOP('',(#1445,#1446,#1447,#1448));
#685=EDGE_LOOP('',(#1449,#1450,#1451,#1452,#1453,#1454));
#686=EDGE_LOOP('',(#1455,#1456,#1457,#1458,#1459,#1460,#1461,#1462));
#687=EDGE_LOOP('',(#1463,#1464,#1465,#1466));
#688=EDGE_LOOP('',(#1467,#1468,#1469,#1470));
#689=EDGE_LOOP('',(#1471));
#690=EDGE_LOOP('',(#1472));
#691=EDGE_LOOP('',(#1473,#1474,#1475,#1476));
#692=EDGE_LOOP('',(#1477,#1478,#1479,#1480));
#693=EDGE_LOOP('',(#1481));
#694=EDGE_LOOP('',(#1482));
#695=EDGE_LOOP('',(#1483,#1484,#1485,#1486));
#696=EDGE_LOOP('',(#1487));
#697=EDGE_LOOP('',(#1488));
#698=EDGE_LOOP('',(#1489));
#699=EDGE_LOOP('',(#1490,#1491,#1492,#1493));
#700=EDGE_LOOP('',(#1494,#1495,#1496,#1497,#1498,#1499));
#701=EDGE_LOOP('',(#1500,#1501));
#702=EDGE_LOOP('',(#1502));
#703=EDGE_LOOP('',(#1503));
#704=EDGE_LOOP('',(#1504,#1505,#1506,#1507));
#705=EDGE_LOOP('',(#1508,#1509,#1510,#1511,#1512,#1513));
#706=EDGE_LOOP('',(#1514,#1515));
#707=EDGE_LOOP('',(#1516));
#708=EDGE_LOOP('',(#1517));
#709=EDGE_LOOP('',(#1518,#1519,#1520,#1521,#1522,#1523,#1524,#1525));
#710=EDGE_LOOP('',(#1526,#1527,#1528,#1529,#1530,#1531));
#711=EDGE_LOOP('',(#1532,#1533,#1534,#1535,#1536,#1537,#1538,#1539));
#712=EDGE_LOOP('',(#1540));
#713=EDGE_LOOP('',(#1541,#1542,#1543,#1544));
#714=EDGE_LOOP('',(#1545,#1546,#1547,#1548));
#715=EDGE_LOOP('',(#1549,#1550,#1551,#1552));
#716=EDGE_LOOP('',(#1553,#1554,#1555,#1556));
#717=EDGE_LOOP('',(#1557,#1558,#1559,#1560));
#718=EDGE_LOOP('',(#1561,#1562,#1563,#1564));
#719=EDGE_LOOP('',(#1565,#1566,#1567,#1568));
#720=EDGE_LOOP('',(#1569,#1570,#1571,#1572));
#721=EDGE_LOOP('',(#1573,#1574,#1575,#1576));
#722=EDGE_LOOP('',(#1577,#1578,#1579,#1580,#1581,#1582,#1583,#1584,#1585,
#1586,#1587));
#723=EDGE_LOOP('',(#1588,#1589,#1590,#1591,#1592));
#724=EDGE_LOOP('',(#1593,#1594,#1595,#1596));
#725=EDGE_LOOP('',(#1597,#1598,#1599,#1600,#1601));
#726=EDGE_LOOP('',(#1602,#1603,#1604,#1605));
#727=EDGE_LOOP('',(#1606,#1607,#1608));
#728=EDGE_LOOP('',(#1609,#1610,#1611,#1612));
#729=EDGE_LOOP('',(#1613,#1614,#1615));
#730=EDGE_LOOP('',(#1616,#1617,#1618,#1619));
#731=EDGE_LOOP('',(#1620,#1621,#1622,#1623));
#732=EDGE_LOOP('',(#1624,#1625,#1626,#1627,#1628,#1629,#1630,#1631));
#733=EDGE_LOOP('',(#1632,#1633,#1634,#1635,#1636,#1637,#1638,#1639,#1640,
#1641,#1642,#1643));
#734=EDGE_LOOP('',(#1644,#1645,#1646));
#735=EDGE_LOOP('',(#1647,#1648,#1649,#1650));
#736=EDGE_LOOP('',(#1651,#1652,#1653));
#737=EDGE_LOOP('',(#1654,#1655,#1656,#1657));
#738=EDGE_LOOP('',(#1658));
#739=EDGE_LOOP('',(#1659,#1660,#1661,#1662));
#740=EDGE_LOOP('',(#1663,#1664,#1665,#1666));
#741=EDGE_LOOP('',(#1667,#1668,#1669,#1670,#1671,#1672,#1673,#1674));
#742=EDGE_LOOP('',(#1675,#1676,#1677,#1678));
#743=EDGE_LOOP('',(#1679,#1680,#1681,#1682,#1683,#1684,#1685,#1686));
#744=EDGE_LOOP('',(#1687,#1688,#1689,#1690));
#745=EDGE_LOOP('',(#1691,#1692,#1693,#1694));
#746=EDGE_LOOP('',(#1695,#1696,#1697,#1698,#1699,#1700,#1701,#1702));
#747=EDGE_LOOP('',(#1703,#1704,#1705,#1706,#1707,#1708,#1709,#1710,#1711,
#1712,#1713));
#748=EDGE_LOOP('',(#1714,#1715,#1716,#1717));
#749=EDGE_LOOP('',(#1718,#1719,#1720,#1721));
#750=EDGE_LOOP('',(#1722));
#751=EDGE_LOOP('',(#1723,#1724,#1725,#1726));
#752=EDGE_LOOP('',(#1727,#1728,#1729,#1730));
#753=EDGE_LOOP('',(#1731,#1732,#1733,#1734));
#754=EDGE_LOOP('',(#1735,#1736,#1737,#1738));
#755=EDGE_LOOP('',(#1739,#1740,#1741,#1742));
#756=EDGE_LOOP('',(#1743,#1744,#1745,#1746));
#757=EDGE_LOOP('',(#1747,#1748,#1749,#1750));
#758=EDGE_LOOP('',(#1751,#1752,#1753,#1754));
#759=EDGE_LOOP('',(#1755,#1756,#1757,#1758));
#760=EDGE_LOOP('',(#1759,#1760,#1761,#1762));
#761=EDGE_LOOP('',(#1763,#1764,#1765,#1766));
#762=EDGE_LOOP('',(#1767,#1768,#1769,#1770));
#763=EDGE_LOOP('',(#1771,#1772,#1773,#1774));
#764=EDGE_LOOP('',(#1775,#1776,#1777,#1778));
#765=EDGE_LOOP('',(#1779,#1780,#1781,#1782));
#766=EDGE_LOOP('',(#1783,#1784,#1785,#1786));
#767=EDGE_LOOP('',(#1787,#1788,#1789,#1790));
#768=EDGE_LOOP('',(#1791,#1792,#1793,#1794));
#769=EDGE_LOOP('',(#1795,#1796,#1797,#1798,#1799));
#770=EDGE_LOOP('',(#1800,#1801,#1802,#1803,#1804));
#771=EDGE_LOOP('',(#1805,#1806,#1807,#1808));
#772=EDGE_LOOP('',(#1809,#1810,#1811,#1812));
#773=EDGE_LOOP('',(#1813,#1814,#1815,#1816,#1817));
#774=EDGE_LOOP('',(#1818,#1819,#1820,#1821));
#775=EDGE_LOOP('',(#1822,#1823,#1824,#1825,#1826));
#776=EDGE_LOOP('',(#1827,#1828,#1829,#1830,#1831,#1832,#1833,#1834,#1835,
#1836,#1837,#1838,#1839,#1840,#1841,#1842));
#777=EDGE_LOOP('',(#1843,#1844,#1845,#1846));
#778=EDGE_LOOP('',(#1847,#1848,#1849,#1850));
#779=EDGE_LOOP('',(#1851,#1852,#1853,#1854));
#780=EDGE_LOOP('',(#1855,#1856,#1857,#1858,#1859));
#781=EDGE_LOOP('',(#1860,#1861,#1862,#1863,#1864));
#782=EDGE_LOOP('',(#1865,#1866,#1867,#1868,#1869,#1870,#1871,#1872));
#783=EDGE_LOOP('',(#1873,#1874,#1875,#1876));
#784=EDGE_LOOP('',(#1877,#1878,#1879,#1880));
#785=EDGE_LOOP('',(#1881,#1882,#1883,#1884));
#786=EDGE_LOOP('',(#1885,#1886,#1887,#1888));
#787=EDGE_LOOP('',(#1889,#1890,#1891,#1892,#1893));
#788=EDGE_LOOP('',(#1894,#1895,#1896,#1897,#1898));
#789=EDGE_LOOP('',(#1899,#1900,#1901,#1902));
#790=EDGE_LOOP('',(#1903,#1904,#1905,#1906));
#791=EDGE_LOOP('',(#1907,#1908,#1909,#1910));
#792=EDGE_LOOP('',(#1911,#1912,#1913,#1914));
#793=EDGE_LOOP('',(#1915,#1916,#1917,#1918));
#794=EDGE_LOOP('',(#1919,#1920,#1921,#1922));
#795=EDGE_LOOP('',(#1923,#1924,#1925,#1926));
#796=EDGE_LOOP('',(#1927,#1928,#1929,#1930));
#797=EDGE_LOOP('',(#1931,#1932,#1933,#1934));
#798=EDGE_LOOP('',(#1935,#1936,#1937,#1938,#1939,#1940,#1941,#1942,#1943,
#1944,#1945,#1946,#1947,#1948,#1949,#1950));
#799=EDGE_LOOP('',(#1951,#1952,#1953,#1954,#1955,#1956,#1957,#1958,#1959,
#1960,#1961,#1962,#1963,#1964,#1965,#1966));
#800=EDGE_LOOP('',(#1967,#1968,#1969,#1970));
#801=EDGE_LOOP('',(#1971,#1972,#1973,#1974));
#802=EDGE_LOOP('',(#1975,#1976,#1977,#1978));
#803=EDGE_LOOP('',(#1979,#1980,#1981,#1982));
#804=EDGE_LOOP('',(#1983,#1984,#1985,#1986));
#805=EDGE_LOOP('',(#1987,#1988,#1989,#1990));
#806=EDGE_LOOP('',(#1991,#1992,#1993,#1994));
#807=EDGE_LOOP('',(#1995,#1996,#1997,#1998,#1999,#2000,#2001,#2002));
#808=EDGE_LOOP('',(#2003,#2004,#2005,#2006,#2007,#2008,#2009,#2010,#2011,
#2012,#2013,#2014));
#809=CIRCLE('',#2246,2.75);
#810=CIRCLE('',#2248,2.44744060646999);
#811=CIRCLE('',#2249,3.94744060646999);
#812=CIRCLE('',#2251,2.44744060646999);
#813=CIRCLE('',#2253,4.75);
#814=CIRCLE('',#2254,2.75);
#815=CIRCLE('',#2256,3.44744060646997);
#816=CIRCLE('',#2257,4.75);
#817=CIRCLE('',#2258,4.75);
#818=CIRCLE('',#2259,2.5);
#819=CIRCLE('',#2260,2.5);
#820=CIRCLE('',#2261,2.5);
#821=CIRCLE('',#2262,2.5);
#822=CIRCLE('',#2263,3.44744060646997);
#823=CIRCLE('',#2264,5.25);
#824=CIRCLE('',#2266,2.75);
#825=CIRCLE('',#2268,2.75);
#826=CIRCLE('',#2271,2.44744060646998);
#827=CIRCLE('',#2273,2.44744060646998);
#828=CIRCLE('',#2275,2.75);
#829=CIRCLE('',#2278,2.75);
#830=CIRCLE('',#2280,3.6);
#831=CIRCLE('',#2281,0.5);
#832=CIRCLE('',#2282,4.1);
#833=CIRCLE('',#2284,3.1);
#834=CIRCLE('',#2286,3.1);
#835=CIRCLE('',#2288,1.25);
#836=CIRCLE('',#2289,1.25);
#837=CIRCLE('',#2292,1.25);
#838=CIRCLE('',#2293,1.25);
#839=CIRCLE('',#2297,1.25);
#840=CIRCLE('',#2298,1.25);
#841=CIRCLE('',#2303,1.25);
#842=CIRCLE('',#2304,1.25);
#843=CIRCLE('',#2310,2.5);
#844=CIRCLE('',#2313,2.5);
#845=CIRCLE('',#2315,0.5);
#846=CIRCLE('',#2318,0.500000000000003);
#847=CIRCLE('',#2321,0.5);
#848=CIRCLE('',#2322,0.5);
#849=CIRCLE('',#2325,0.499999999999998);
#850=CIRCLE('',#2340,4.);
#851=CIRCLE('',#2341,4.);
#852=CIRCLE('',#2342,4.);
#853=CIRCLE('',#2343,4.);
#854=CIRCLE('',#2344,2.5);
#855=CIRCLE('',#2345,2.5);
#856=CIRCLE('',#2355,4.);
#857=CIRCLE('',#2357,4.);
#858=CIRCLE('',#2358,4.);
#859=CIRCLE('',#2359,4.);
#860=CIRCLE('',#2376,0.800000000000004);
#861=CIRCLE('',#2377,0.800000000000004);
#862=CIRCLE('',#2381,0.800000000000004);
#863=CIRCLE('',#2382,0.800000000000004);
#864=CIRCLE('',#2385,0.799999999999998);
#865=CIRCLE('',#2386,0.799999999999998);
#866=CIRCLE('',#2388,0.8);
#867=CIRCLE('',#2389,0.8);
#868=CIRCLE('',#2406,4.);
#869=CIRCLE('',#2407,4.);
#870=CIRCLE('',#2408,4.);
#871=CIRCLE('',#2409,4.00000000000002);
#872=CIRCLE('',#2418,2.3);
#873=CIRCLE('',#2419,2.3);
#874=CIRCLE('',#2422,2.3);
#875=CIRCLE('',#2423,2.3);
#876=CIRCLE('',#2426,2.3);
#877=CIRCLE('',#2427,2.3);
#878=CIRCLE('',#2430,2.3);
#879=CIRCLE('',#2431,2.3);
#880=CIRCLE('',#2435,4.);
#881=CIRCLE('',#2438,4.);
#882=CIRCLE('',#2441,4.);
#883=CIRCLE('',#2443,4.00000000000002);
#884=VERTEX_POINT('',#3091);
#885=VERTEX_POINT('',#3094);
#886=VERTEX_POINT('',#3095);
#887=VERTEX_POINT('',#3099);
#888=VERTEX_POINT('',#3101);
#889=VERTEX_POINT('',#3107);
#890=VERTEX_POINT('',#3109);
#891=VERTEX_POINT('',#3113);
#892=VERTEX_POINT('',#3115);
#893=VERTEX_POINT('',#3119);
#894=VERTEX_POINT('',#3120);
#895=VERTEX_POINT('',#3122);
#896=VERTEX_POINT('',#3124);
#897=VERTEX_POINT('',#3126);
#898=VERTEX_POINT('',#3128);
#899=VERTEX_POINT('',#3130);
#900=VERTEX_POINT('',#3132);
#901=VERTEX_POINT('',#3134);
#902=VERTEX_POINT('',#3136);
#903=VERTEX_POINT('',#3138);
#904=VERTEX_POINT('',#3140);
#905=VERTEX_POINT('',#3142);
#906=VERTEX_POINT('',#3144);
#907=VERTEX_POINT('',#3146);
#908=VERTEX_POINT('',#3150);
#909=VERTEX_POINT('',#3153);
#910=VERTEX_POINT('',#3157);
#911=VERTEX_POINT('',#3166);
#912=VERTEX_POINT('',#3170);
#913=VERTEX_POINT('',#3176);
#914=VERTEX_POINT('',#3178);
#915=VERTEX_POINT('',#3185);
#916=VERTEX_POINT('',#3189);
#917=VERTEX_POINT('',#3191);
#918=VERTEX_POINT('',#3195);
#919=VERTEX_POINT('',#3199);
#920=VERTEX_POINT('',#3201);
#921=VERTEX_POINT('',#3205);
#922=VERTEX_POINT('',#3208);
#923=VERTEX_POINT('',#3212);
#924=VERTEX_POINT('',#3214);
#925=VERTEX_POINT('',#3219);
#926=VERTEX_POINT('',#3221);
#927=VERTEX_POINT('',#3227);
#928=VERTEX_POINT('',#3229);
#929=VERTEX_POINT('',#3237);
#930=VERTEX_POINT('',#3239);
#931=VERTEX_POINT('',#3247);
#932=VERTEX_POINT('',#3249);
#933=VERTEX_POINT('',#3251);
#934=VERTEX_POINT('',#3253);
#935=VERTEX_POINT('',#3255);
#936=VERTEX_POINT('',#3257);
#937=VERTEX_POINT('',#3261);
#938=VERTEX_POINT('',#3266);
#939=VERTEX_POINT('',#3268);
#940=VERTEX_POINT('',#3270);
#941=VERTEX_POINT('',#3272);
#942=VERTEX_POINT('',#3274);
#943=VERTEX_POINT('',#3280);
#944=VERTEX_POINT('',#3281);
#945=VERTEX_POINT('',#3283);
#946=VERTEX_POINT('',#3285);
#947=VERTEX_POINT('',#3289);
#948=VERTEX_POINT('',#3290);
#949=VERTEX_POINT('',#3292);
#950=VERTEX_POINT('',#3294);
#951=VERTEX_POINT('',#3298);
#952=VERTEX_POINT('',#3299);
#953=VERTEX_POINT('',#3301);
#954=VERTEX_POINT('',#3303);
#955=VERTEX_POINT('',#3310);
#956=VERTEX_POINT('',#3311);
#957=VERTEX_POINT('',#3319);
#958=VERTEX_POINT('',#3321);
#959=VERTEX_POINT('',#3325);
#960=VERTEX_POINT('',#3327);
#961=VERTEX_POINT('',#3331);
#962=VERTEX_POINT('',#3333);
#963=VERTEX_POINT('',#3346);
#964=VERTEX_POINT('',#3347);
#965=VERTEX_POINT('',#3349);
#966=VERTEX_POINT('',#3353);
#967=VERTEX_POINT('',#3354);
#968=VERTEX_POINT('',#3359);
#969=VERTEX_POINT('',#3365);
#970=VERTEX_POINT('',#3366);
#971=VERTEX_POINT('',#3368);
#972=VERTEX_POINT('',#3370);
#973=VERTEX_POINT('',#3374);
#974=VERTEX_POINT('',#3376);
#975=VERTEX_POINT('',#3378);
#976=VERTEX_POINT('',#3380);
#977=VERTEX_POINT('',#3382);
#978=VERTEX_POINT('',#3384);
#979=VERTEX_POINT('',#3387);
#980=VERTEX_POINT('',#3391);
#981=VERTEX_POINT('',#3395);
#982=VERTEX_POINT('',#3399);
#983=VERTEX_POINT('',#3412);
#984=VERTEX_POINT('',#3414);
#985=VERTEX_POINT('',#3418);
#986=VERTEX_POINT('',#3421);
#987=VERTEX_POINT('',#3423);
#988=VERTEX_POINT('',#3425);
#989=VERTEX_POINT('',#3441);
#990=VERTEX_POINT('',#3442);
#991=VERTEX_POINT('',#3444);
#992=VERTEX_POINT('',#3446);
#993=VERTEX_POINT('',#3450);
#994=VERTEX_POINT('',#3452);
#995=VERTEX_POINT('',#3456);
#996=VERTEX_POINT('',#3458);
#997=VERTEX_POINT('',#3465);
#998=VERTEX_POINT('',#3466);
#999=VERTEX_POINT('',#3468);
#1000=VERTEX_POINT('',#3470);
#1001=VERTEX_POINT('',#3474);
#1002=VERTEX_POINT('',#3476);
#1003=VERTEX_POINT('',#3480);
#1004=VERTEX_POINT('',#3481);
#1005=VERTEX_POINT('',#3483);
#1006=VERTEX_POINT('',#3485);
#1007=VERTEX_POINT('',#3489);
#1008=VERTEX_POINT('',#3491);
#1009=VERTEX_POINT('',#3495);
#1010=VERTEX_POINT('',#3496);
#1011=VERTEX_POINT('',#3498);
#1012=VERTEX_POINT('',#3500);
#1013=VERTEX_POINT('',#3504);
#1014=VERTEX_POINT('',#3506);
#1015=VERTEX_POINT('',#3510);
#1016=VERTEX_POINT('',#3511);
#1017=VERTEX_POINT('',#3513);
#1018=VERTEX_POINT('',#3515);
#1019=VERTEX_POINT('',#3519);
#1020=VERTEX_POINT('',#3521);
#1021=VERTEX_POINT('',#3525);
#1022=VERTEX_POINT('',#3527);
#1023=VERTEX_POINT('',#3531);
#1024=VERTEX_POINT('',#3533);
#1025=VERTEX_POINT('',#3537);
#1026=VERTEX_POINT('',#3538);
#1027=VERTEX_POINT('',#3540);
#1028=VERTEX_POINT('',#3542);
#1029=VERTEX_POINT('',#3549);
#1030=VERTEX_POINT('',#3551);
#1031=VERTEX_POINT('',#3555);
#1032=VERTEX_POINT('',#3557);
#1033=VERTEX_POINT('',#3561);
#1034=VERTEX_POINT('',#3563);
#1035=VERTEX_POINT('',#3565);
#1036=VERTEX_POINT('',#3569);
#1037=VERTEX_POINT('',#3571);
#1038=VERTEX_POINT('',#3573);
#1039=VERTEX_POINT('',#3580);
#1040=VERTEX_POINT('',#3581);
#1041=VERTEX_POINT('',#3583);
#1042=VERTEX_POINT('',#3585);
#1043=VERTEX_POINT('',#3590);
#1044=VERTEX_POINT('',#3594);
#1045=VERTEX_POINT('',#3604);
#1046=VERTEX_POINT('',#3606);
#1047=VERTEX_POINT('',#3610);
#1048=VERTEX_POINT('',#3614);
#1049=VERTEX_POINT('',#3618);
#1050=VERTEX_POINT('',#3619);
#1051=VERTEX_POINT('',#3621);
#1052=VERTEX_POINT('',#3623);
#1053=VERTEX_POINT('',#3625);
#1054=VERTEX_POINT('',#3627);
#1055=VERTEX_POINT('',#3629);
#1056=VERTEX_POINT('',#3631);
#1057=VERTEX_POINT('',#3635);
#1058=VERTEX_POINT('',#3637);
#1059=VERTEX_POINT('',#3641);
#1060=VERTEX_POINT('',#3643);
#1061=VERTEX_POINT('',#3647);
#1062=VERTEX_POINT('',#3649);
#1063=VERTEX_POINT('',#3653);
#1064=VERTEX_POINT('',#3657);
#1065=VERTEX_POINT('',#3661);
#1066=VERTEX_POINT('',#3663);
#1067=VERTEX_POINT('',#3667);
#1068=VERTEX_POINT('',#3668);
#1069=VERTEX_POINT('',#3670);
#1070=VERTEX_POINT('',#3672);
#1071=VERTEX_POINT('',#3679);
#1072=VERTEX_POINT('',#3681);
#1073=VERTEX_POINT('',#3685);
#1074=VERTEX_POINT('',#3687);
#1075=VERTEX_POINT('',#3691);
#1076=VERTEX_POINT('',#3693);
#1077=VERTEX_POINT('',#3700);
#1078=VERTEX_POINT('',#3702);
#1079=VERTEX_POINT('',#3710);
#1080=VERTEX_POINT('',#3711);
#1081=VERTEX_POINT('',#3716);
#1082=VERTEX_POINT('',#3720);
#1083=VERTEX_POINT('',#3724);
#1084=VERTEX_POINT('',#3728);
#1085=EDGE_CURVE('',#884,#884,#809,.T.);
#1086=EDGE_CURVE('',#885,#886,#539,.T.);
#1087=EDGE_CURVE('',#886,#887,#810,.T.);
#1088=EDGE_CURVE('',#887,#888,#540,.T.);
#1089=EDGE_CURVE('',#888,#885,#811,.T.);
#1090=EDGE_CURVE('',#886,#889,#49,.T.);
#1091=EDGE_CURVE('',#890,#889,#812,.T.);
#1092=EDGE_CURVE('',#887,#890,#50,.T.);
#1093=EDGE_CURVE('',#891,#891,#813,.T.);
#1094=EDGE_CURVE('',#891,#892,#51,.T.);
#1095=EDGE_CURVE('',#892,#892,#814,.T.);
#1096=EDGE_CURVE('',#893,#894,#52,.T.);
#1097=EDGE_CURVE('',#895,#894,#815,.T.);
#1098=EDGE_CURVE('',#895,#896,#53,.T.);
#1099=EDGE_CURVE('',#897,#896,#816,.T.);
#1100=EDGE_CURVE('',#898,#897,#817,.T.);
#1101=EDGE_CURVE('',#898,#899,#54,.T.);
#1102=EDGE_CURVE('',#899,#900,#818,.F.);
#1103=EDGE_CURVE('',#900,#901,#55,.T.);
#1104=EDGE_CURVE('',#901,#902,#819,.T.);
#1105=EDGE_CURVE('',#902,#903,#56,.T.);
#1106=EDGE_CURVE('',#903,#904,#820,.T.);
#1107=EDGE_CURVE('',#904,#905,#57,.T.);
#1108=EDGE_CURVE('',#905,#906,#821,.T.);
#1109=EDGE_CURVE('',#906,#907,#58,.T.);
#1110=EDGE_CURVE('',#893,#907,#822,.T.);
#1111=EDGE_CURVE('',#888,#885,#59,.T.);
#1112=EDGE_CURVE('',#908,#908,#823,.T.);
#1113=EDGE_CURVE('',#909,#909,#824,.T.);
#1114=EDGE_CURVE('',#909,#892,#60,.T.);
#1115=EDGE_CURVE('',#908,#910,#61,.T.);
#1116=EDGE_CURVE('',#910,#910,#825,.T.);
#1117=EDGE_CURVE('',#884,#910,#62,.T.);
#1118=EDGE_CURVE('',#895,#907,#541,.T.);
#1119=EDGE_CURVE('',#894,#911,#542,.T.);
#1120=EDGE_CURVE('',#911,#912,#826,.T.);
#1121=EDGE_CURVE('',#912,#893,#543,.T.);
#1122=EDGE_CURVE('',#911,#913,#63,.T.);
#1123=EDGE_CURVE('',#914,#913,#827,.T.);
#1124=EDGE_CURVE('',#912,#914,#64,.T.);
#1125=EDGE_CURVE('',#898,#896,#544,.T.);
#1126=EDGE_CURVE('',#897,#915,#65,.T.);
#1127=EDGE_CURVE('',#915,#915,#828,.T.);
#1128=EDGE_CURVE('',#906,#916,#66,.T.);
#1129=EDGE_CURVE('',#917,#916,#67,.T.);
#1130=EDGE_CURVE('',#917,#899,#68,.T.);
#1131=EDGE_CURVE('',#918,#918,#829,.T.);
#1132=EDGE_CURVE('',#918,#915,#69,.T.);
#1133=EDGE_CURVE('',#919,#919,#830,.T.);
#1134=EDGE_CURVE('',#919,#920,#831,.T.);
#1135=EDGE_CURVE('',#920,#920,#832,.T.);
#1136=EDGE_CURVE('',#921,#921,#833,.T.);
#1137=EDGE_CURVE('',#921,#922,#70,.T.);
#1138=EDGE_CURVE('',#922,#922,#834,.T.);
#1139=EDGE_CURVE('',#923,#923,#835,.T.);
#1140=EDGE_CURVE('',#923,#924,#71,.T.);
#1141=EDGE_CURVE('',#924,#924,#836,.T.);
#1142=EDGE_CURVE('',#925,#925,#837,.T.);
#1143=EDGE_CURVE('',#925,#926,#72,.T.);
#1144=EDGE_CURVE('',#926,#926,#838,.T.);
#1145=EDGE_CURVE('',#927,#927,#839,.T.);
#1146=EDGE_CURVE('',#927,#928,#73,.T.);
#1147=EDGE_CURVE('',#928,#928,#840,.T.);
#1148=EDGE_CURVE('',#889,#890,#74,.T.);
#1149=EDGE_CURVE('',#929,#929,#841,.T.);
#1150=EDGE_CURVE('',#929,#930,#75,.T.);
#1151=EDGE_CURVE('',#930,#930,#842,.T.);
#1152=EDGE_CURVE('',#913,#914,#76,.T.);
#1153=EDGE_CURVE('',#902,#931,#77,.T.);
#1154=EDGE_CURVE('',#931,#932,#78,.T.);
#1155=EDGE_CURVE('',#932,#933,#79,.T.);
#1156=EDGE_CURVE('',#933,#934,#80,.T.);
#1157=EDGE_CURVE('',#934,#935,#81,.T.);
#1158=EDGE_CURVE('',#936,#935,#82,.T.);
#1159=EDGE_CURVE('',#936,#903,#83,.T.);
#1160=EDGE_CURVE('',#937,#901,#84,.T.);
#1161=EDGE_CURVE('',#935,#937,#843,.T.);
#1162=EDGE_CURVE('',#931,#934,#85,.T.);
#1163=EDGE_CURVE('',#900,#938,#86,.T.);
#1164=EDGE_CURVE('',#939,#938,#87,.T.);
#1165=EDGE_CURVE('',#939,#940,#88,.T.);
#1166=EDGE_CURVE('',#940,#941,#89,.T.);
#1167=EDGE_CURVE('',#941,#942,#90,.T.);
#1168=EDGE_CURVE('',#937,#942,#91,.T.);
#1169=EDGE_CURVE('',#938,#917,#844,.T.);
#1170=EDGE_CURVE('',#943,#944,#92,.T.);
#1171=EDGE_CURVE('',#943,#945,#845,.T.);
#1172=EDGE_CURVE('',#945,#946,#93,.T.);
#1173=EDGE_CURVE('',#946,#944,#31,.T.);
#1174=EDGE_CURVE('',#947,#948,#846,.T.);
#1175=EDGE_CURVE('',#948,#949,#94,.T.);
#1176=EDGE_CURVE('',#949,#950,#32,.T.);
#1177=EDGE_CURVE('',#947,#950,#95,.T.);
#1178=EDGE_CURVE('',#951,#952,#847,.T.);
#1179=EDGE_CURVE('',#952,#953,#96,.T.);
#1180=EDGE_CURVE('',#953,#954,#848,.T.);
#1181=EDGE_CURVE('',#951,#954,#97,.T.);
#1182=EDGE_CURVE('',#949,#952,#98,.T.);
#1183=EDGE_CURVE('',#950,#951,#99,.T.);
#1184=EDGE_CURVE('',#955,#956,#849,.T.);
#1185=EDGE_CURVE('',#956,#948,#100,.T.);
#1186=EDGE_CURVE('',#955,#947,#101,.T.);
#1187=EDGE_CURVE('',#946,#956,#102,.T.);
#1188=EDGE_CURVE('',#944,#955,#103,.T.);
#1189=EDGE_CURVE('',#957,#943,#104,.T.);
#1190=EDGE_CURVE('',#957,#958,#105,.T.);
#1191=EDGE_CURVE('',#945,#958,#106,.T.);
#1192=EDGE_CURVE('',#959,#953,#107,.T.);
#1193=EDGE_CURVE('',#960,#959,#108,.T.);
#1194=EDGE_CURVE('',#954,#960,#109,.T.);
#1195=EDGE_CURVE('',#958,#961,#110,.T.);
#1196=EDGE_CURVE('',#961,#962,#111,.T.);
#1197=EDGE_CURVE('',#962,#959,#112,.T.);
#1198=EDGE_CURVE('',#960,#931,#113,.T.);
#1199=EDGE_CURVE('',#962,#932,#114,.T.);
#1200=EDGE_CURVE('',#933,#961,#115,.T.);
#1201=EDGE_CURVE('',#957,#934,#116,.T.);
#1202=EDGE_CURVE('',#960,#957,#117,.T.);
#1203=EDGE_CURVE('',#963,#964,#118,.T.);
#1204=EDGE_CURVE('',#965,#963,#119,.T.);
#1205=EDGE_CURVE('',#965,#964,#120,.T.);
#1206=EDGE_CURVE('',#966,#967,#121,.T.);
#1207=EDGE_CURVE('',#964,#967,#122,.F.);
#1208=EDGE_CURVE('',#966,#965,#123,.T.);
#1209=EDGE_CURVE('',#968,#966,#124,.T.);
#1210=EDGE_CURVE('',#968,#967,#125,.T.);
#1211=EDGE_CURVE('',#963,#968,#126,.T.);
#1212=EDGE_CURVE('',#969,#970,#127,.T.);
#1213=EDGE_CURVE('',#971,#969,#128,.T.);
#1214=EDGE_CURVE('',#971,#972,#129,.T.);
#1215=EDGE_CURVE('',#970,#972,#130,.T.);
#1216=EDGE_CURVE('',#973,#970,#850,.T.);
#1217=EDGE_CURVE('',#973,#974,#131,.T.);
#1218=EDGE_CURVE('',#975,#974,#851,.T.);
#1219=EDGE_CURVE('',#975,#976,#132,.T.);
#1220=EDGE_CURVE('',#977,#976,#852,.T.);
#1221=EDGE_CURVE('',#977,#978,#133,.T.);
#1222=EDGE_CURVE('',#969,#978,#853,.T.);
#1223=EDGE_CURVE('',#965,#979,#134,.T.);
#1224=EDGE_CURVE('',#979,#936,#854,.T.);
#1225=EDGE_CURVE('',#942,#939,#135,.T.);
#1226=EDGE_CURVE('',#916,#980,#855,.T.);
#1227=EDGE_CURVE('',#980,#966,#136,.T.);
#1228=EDGE_CURVE('',#941,#981,#137,.T.);
#1229=EDGE_CURVE('',#942,#981,#138,.T.);
#1230=EDGE_CURVE('',#939,#982,#139,.T.);
#1231=EDGE_CURVE('',#981,#982,#140,.F.);
#1232=EDGE_CURVE('',#940,#982,#141,.T.);
#1233=EDGE_CURVE('',#980,#905,#142,.T.);
#1234=EDGE_CURVE('',#904,#979,#143,.T.);
#1235=EDGE_CURVE('',#974,#983,#144,.T.);
#1236=EDGE_CURVE('',#983,#984,#856,.T.);
#1237=EDGE_CURVE('',#984,#975,#145,.T.);
#1238=EDGE_CURVE('',#985,#983,#146,.T.);
#1239=EDGE_CURVE('',#972,#985,#857,.T.);
#1240=EDGE_CURVE('',#986,#971,#858,.T.);
#1241=EDGE_CURVE('',#987,#986,#147,.T.);
#1242=EDGE_CURVE('',#988,#987,#859,.T.);
#1243=EDGE_CURVE('',#984,#988,#148,.T.);
#1244=EDGE_CURVE('',#985,#973,#149,.T.);
#1245=EDGE_CURVE('',#976,#988,#150,.T.);
#1246=EDGE_CURVE('',#987,#954,#151,.T.);
#1247=EDGE_CURVE('',#943,#977,#152,.T.);
#1248=EDGE_CURVE('',#978,#986,#153,.T.);
#1249=EDGE_CURVE('',#989,#990,#154,.T.);
#1250=EDGE_CURVE('',#991,#989,#155,.T.);
#1251=EDGE_CURVE('',#992,#991,#156,.T.);
#1252=EDGE_CURVE('',#992,#990,#157,.T.);
#1253=EDGE_CURVE('',#990,#993,#158,.T.);
#1254=EDGE_CURVE('',#994,#992,#159,.T.);
#1255=EDGE_CURVE('',#994,#993,#160,.T.);
#1256=EDGE_CURVE('',#993,#995,#161,.T.);
#1257=EDGE_CURVE('',#996,#994,#162,.T.);
#1258=EDGE_CURVE('',#996,#995,#163,.T.);
#1259=EDGE_CURVE('',#995,#989,#164,.T.);
#1260=EDGE_CURVE('',#991,#996,#165,.T.);
#1261=EDGE_CURVE('',#997,#998,#166,.T.);
#1262=EDGE_CURVE('',#997,#999,#167,.T.);
#1263=EDGE_CURVE('',#999,#1000,#168,.F.);
#1264=EDGE_CURVE('',#1000,#998,#169,.T.);
#1265=EDGE_CURVE('',#1000,#1001,#170,.T.);
#1266=EDGE_CURVE('',#1001,#1002,#171,.F.);
#1267=EDGE_CURVE('',#998,#1002,#172,.T.);
#1268=EDGE_CURVE('',#1003,#1004,#173,.T.);
#1269=EDGE_CURVE('',#1003,#1005,#174,.T.);
#1270=EDGE_CURVE('',#1005,#1006,#175,.F.);
#1271=EDGE_CURVE('',#1006,#1004,#176,.T.);
#1272=EDGE_CURVE('',#1006,#1007,#177,.T.);
#1273=EDGE_CURVE('',#1008,#1007,#178,.F.);
#1274=EDGE_CURVE('',#1004,#1008,#179,.T.);
#1275=EDGE_CURVE('',#1009,#1010,#860,.T.);
#1276=EDGE_CURVE('',#1010,#1011,#180,.T.);
#1277=EDGE_CURVE('',#1012,#1011,#861,.T.);
#1278=EDGE_CURVE('',#1009,#1012,#181,.T.);
#1279=EDGE_CURVE('',#1013,#1009,#182,.T.);
#1280=EDGE_CURVE('',#1014,#1012,#183,.T.);
#1281=EDGE_CURVE('',#1014,#1013,#184,.F.);
#1282=EDGE_CURVE('',#1015,#1016,#185,.T.);
#1283=EDGE_CURVE('',#1016,#1017,#186,.F.);
#1284=EDGE_CURVE('',#1018,#1017,#187,.T.);
#1285=EDGE_CURVE('',#1015,#1018,#188,.T.);
#1286=EDGE_CURVE('',#1019,#1015,#862,.T.);
#1287=EDGE_CURVE('',#1020,#1018,#863,.T.);
#1288=EDGE_CURVE('',#1019,#1020,#189,.T.);
#1289=EDGE_CURVE('',#1021,#1019,#190,.T.);
#1290=EDGE_CURVE('',#1022,#1020,#191,.T.);
#1291=EDGE_CURVE('',#1021,#1022,#192,.T.);
#1292=EDGE_CURVE('',#1023,#1021,#864,.T.);
#1293=EDGE_CURVE('',#1024,#1022,#865,.T.);
#1294=EDGE_CURVE('',#1023,#1024,#193,.T.);
#1295=EDGE_CURVE('',#1025,#1026,#866,.T.);
#1296=EDGE_CURVE('',#1026,#1027,#194,.T.);
#1297=EDGE_CURVE('',#1028,#1027,#867,.T.);
#1298=EDGE_CURVE('',#1025,#1028,#195,.T.);
#1299=EDGE_CURVE('',#1010,#1025,#196,.T.);
#1300=EDGE_CURVE('',#1011,#1028,#197,.T.);
#1301=EDGE_CURVE('',#1029,#1023,#198,.T.);
#1302=EDGE_CURVE('',#1030,#1024,#199,.T.);
#1303=EDGE_CURVE('',#1029,#1030,#200,.T.);
#1304=EDGE_CURVE('',#1026,#1031,#201,.T.);
#1305=EDGE_CURVE('',#1032,#1031,#202,.T.);
#1306=EDGE_CURVE('',#1027,#1032,#203,.T.);
#1307=EDGE_CURVE('',#1033,#1029,#204,.T.);
#1308=EDGE_CURVE('',#1034,#1030,#205,.T.);
#1309=EDGE_CURVE('',#1034,#1035,#206,.F.);
#1310=EDGE_CURVE('',#1033,#1035,#207,.T.);
#1311=EDGE_CURVE('',#1031,#1036,#208,.T.);
#1312=EDGE_CURVE('',#1036,#1037,#209,.F.);
#1313=EDGE_CURVE('',#1038,#1037,#210,.F.);
#1314=EDGE_CURVE('',#1032,#1038,#211,.T.);
#1315=EDGE_CURVE('',#1036,#1033,#212,.T.);
#1316=EDGE_CURVE('',#1037,#1035,#213,.F.);
#1317=EDGE_CURVE('',#1039,#1040,#214,.T.);
#1318=EDGE_CURVE('',#1039,#1041,#215,.T.);
#1319=EDGE_CURVE('',#1041,#1042,#216,.T.);
#1320=EDGE_CURVE('',#1040,#1042,#217,.F.);
#1321=EDGE_CURVE('',#1013,#1039,#218,.T.);
#1322=EDGE_CURVE('',#1043,#1014,#219,.T.);
#1323=EDGE_CURVE('',#1043,#1041,#220,.T.);
#1324=EDGE_CURVE('',#1044,#1042,#221,.T.);
#1325=EDGE_CURVE('',#1044,#1043,#222,.T.);
#1326=EDGE_CURVE('',#1040,#1016,#223,.T.);
#1327=EDGE_CURVE('',#1017,#1044,#224,.T.);
#1328=EDGE_CURVE('',#1038,#1034,#225,.T.);
#1329=EDGE_CURVE('',#1045,#1001,#226,.T.);
#1330=EDGE_CURVE('',#1046,#1045,#227,.T.);
#1331=EDGE_CURVE('',#1046,#1002,#228,.T.);
#1332=EDGE_CURVE('',#999,#1047,#229,.T.);
#1333=EDGE_CURVE('',#1047,#1045,#230,.T.);
#1334=EDGE_CURVE('',#1046,#1048,#231,.T.);
#1335=EDGE_CURVE('',#1048,#997,#232,.T.);
#1336=EDGE_CURVE('',#1049,#1050,#233,.T.);
#1337=EDGE_CURVE('',#1050,#1051,#868,.T.);
#1338=EDGE_CURVE('',#1051,#1052,#234,.T.);
#1339=EDGE_CURVE('',#1052,#1053,#869,.T.);
#1340=EDGE_CURVE('',#1053,#1054,#235,.T.);
#1341=EDGE_CURVE('',#1054,#1055,#870,.T.);
#1342=EDGE_CURVE('',#1055,#1056,#236,.T.);
#1343=EDGE_CURVE('',#1056,#1049,#871,.T.);
#1344=EDGE_CURVE('',#1057,#1046,#237,.T.);
#1345=EDGE_CURVE('',#1057,#1058,#238,.T.);
#1346=EDGE_CURVE('',#1048,#1058,#239,.T.);
#1347=EDGE_CURVE('',#1059,#1049,#240,.T.);
#1348=EDGE_CURVE('',#1059,#1060,#241,.T.);
#1349=EDGE_CURVE('',#1060,#1050,#242,.T.);
#1350=EDGE_CURVE('',#1061,#1008,#243,.T.);
#1351=EDGE_CURVE('',#1062,#1007,#244,.T.);
#1352=EDGE_CURVE('',#1061,#1062,#245,.T.);
#1353=EDGE_CURVE('',#1063,#1061,#246,.T.);
#1354=EDGE_CURVE('',#1063,#1003,#247,.T.);
#1355=EDGE_CURVE('',#1062,#1064,#248,.T.);
#1356=EDGE_CURVE('',#1005,#1064,#249,.T.);
#1357=EDGE_CURVE('',#1065,#1061,#250,.T.);
#1358=EDGE_CURVE('',#1065,#1066,#251,.T.);
#1359=EDGE_CURVE('',#1063,#1066,#252,.T.);
#1360=EDGE_CURVE('',#1067,#1068,#253,.T.);
#1361=EDGE_CURVE('',#1067,#1069,#254,.T.);
#1362=EDGE_CURVE('',#1070,#1069,#255,.T.);
#1363=EDGE_CURVE('',#1068,#1070,#256,.T.);
#1364=EDGE_CURVE('',#1068,#1065,#872,.T.);
#1365=EDGE_CURVE('',#1066,#1070,#873,.T.);
#1366=EDGE_CURVE('',#1071,#1064,#257,.T.);
#1367=EDGE_CURVE('',#1072,#1071,#258,.T.);
#1368=EDGE_CURVE('',#1062,#1072,#259,.T.);
#1369=EDGE_CURVE('',#1072,#1073,#874,.T.);
#1370=EDGE_CURVE('',#1074,#1071,#875,.T.);
#1371=EDGE_CURVE('',#1073,#1074,#260,.T.);
#1372=EDGE_CURVE('',#1073,#1075,#261,.T.);
#1373=EDGE_CURVE('',#1076,#1074,#262,.T.);
#1374=EDGE_CURVE('',#1075,#1076,#263,.T.);
#1375=EDGE_CURVE('',#1075,#1057,#876,.T.);
#1376=EDGE_CURVE('',#1058,#1076,#877,.T.);
#1377=EDGE_CURVE('',#1077,#1047,#264,.T.);
#1378=EDGE_CURVE('',#1078,#1077,#265,.T.);
#1379=EDGE_CURVE('',#1045,#1078,#266,.T.);
#1380=EDGE_CURVE('',#1078,#1067,#878,.T.);
#1381=EDGE_CURVE('',#1069,#1077,#879,.T.);
#1382=EDGE_CURVE('',#1079,#1080,#267,.T.);
#1383=EDGE_CURVE('',#1080,#1056,#268,.T.);
#1384=EDGE_CURVE('',#1079,#1055,#269,.T.);
#1385=EDGE_CURVE('',#1081,#1079,#880,.T.);
#1386=EDGE_CURVE('',#1081,#1054,#270,.T.);
#1387=EDGE_CURVE('',#1082,#1081,#271,.T.);
#1388=EDGE_CURVE('',#1082,#1053,#272,.T.);
#1389=EDGE_CURVE('',#1083,#1082,#881,.T.);
#1390=EDGE_CURVE('',#1083,#1052,#273,.T.);
#1391=EDGE_CURVE('',#1084,#1083,#274,.T.);
#1392=EDGE_CURVE('',#1084,#1051,#275,.T.);
#1393=EDGE_CURVE('',#1060,#1084,#882,.T.);
#1394=EDGE_CURVE('',#1080,#1059,#883,.T.);
#1395=ORIENTED_EDGE('',*,*,#1085,.F.);
#1396=ORIENTED_EDGE('',*,*,#1086,.T.);
#1397=ORIENTED_EDGE('',*,*,#1087,.T.);
#1398=ORIENTED_EDGE('',*,*,#1088,.T.);
#1399=ORIENTED_EDGE('',*,*,#1089,.T.);
#1400=ORIENTED_EDGE('',*,*,#1087,.F.);
#1401=ORIENTED_EDGE('',*,*,#1090,.T.);
#1402=ORIENTED_EDGE('',*,*,#1091,.F.);
#1403=ORIENTED_EDGE('',*,*,#1092,.F.);
#1404=ORIENTED_EDGE('',*,*,#1093,.T.);
#1405=ORIENTED_EDGE('',*,*,#1094,.T.);
#1406=ORIENTED_EDGE('',*,*,#1095,.T.);
#1407=ORIENTED_EDGE('',*,*,#1094,.F.);
#1408=ORIENTED_EDGE('',*,*,#1096,.T.);
#1409=ORIENTED_EDGE('',*,*,#1097,.F.);
#1410=ORIENTED_EDGE('',*,*,#1098,.T.);
#1411=ORIENTED_EDGE('',*,*,#1099,.F.);
#1412=ORIENTED_EDGE('',*,*,#1100,.F.);
#1413=ORIENTED_EDGE('',*,*,#1101,.T.);
#1414=ORIENTED_EDGE('',*,*,#1102,.T.);
#1415=ORIENTED_EDGE('',*,*,#1103,.T.);
#1416=ORIENTED_EDGE('',*,*,#1104,.T.);
#1417=ORIENTED_EDGE('',*,*,#1105,.T.);
#1418=ORIENTED_EDGE('',*,*,#1106,.T.);
#1419=ORIENTED_EDGE('',*,*,#1107,.T.);
#1420=ORIENTED_EDGE('',*,*,#1108,.T.);
#1421=ORIENTED_EDGE('',*,*,#1109,.T.);
#1422=ORIENTED_EDGE('',*,*,#1110,.F.);
#1423=ORIENTED_EDGE('',*,*,#1111,.T.);
#1424=ORIENTED_EDGE('',*,*,#1089,.F.);
#1425=ORIENTED_EDGE('',*,*,#1112,.F.);
#1426=ORIENTED_EDGE('',*,*,#1093,.F.);
#1427=ORIENTED_EDGE('',*,*,#1113,.F.);
#1428=ORIENTED_EDGE('',*,*,#1114,.T.);
#1429=ORIENTED_EDGE('',*,*,#1095,.F.);
#1430=ORIENTED_EDGE('',*,*,#1114,.F.);
#1431=ORIENTED_EDGE('',*,*,#1112,.T.);
#1432=ORIENTED_EDGE('',*,*,#1115,.T.);
#1433=ORIENTED_EDGE('',*,*,#1116,.T.);
#1434=ORIENTED_EDGE('',*,*,#1115,.F.);
#1435=ORIENTED_EDGE('',*,*,#1085,.T.);
#1436=ORIENTED_EDGE('',*,*,#1117,.T.);
#1437=ORIENTED_EDGE('',*,*,#1116,.F.);
#1438=ORIENTED_EDGE('',*,*,#1117,.F.);
#1439=ORIENTED_EDGE('',*,*,#1118,.F.);
#1440=ORIENTED_EDGE('',*,*,#1097,.T.);
#1441=ORIENTED_EDGE('',*,*,#1119,.T.);
#1442=ORIENTED_EDGE('',*,*,#1120,.T.);
#1443=ORIENTED_EDGE('',*,*,#1121,.T.);
#1444=ORIENTED_EDGE('',*,*,#1110,.T.);
#1445=ORIENTED_EDGE('',*,*,#1120,.F.);
#1446=ORIENTED_EDGE('',*,*,#1122,.T.);
#1447=ORIENTED_EDGE('',*,*,#1123,.F.);
#1448=ORIENTED_EDGE('',*,*,#1124,.F.);
#1449=ORIENTED_EDGE('',*,*,#1125,.F.);
#1450=ORIENTED_EDGE('',*,*,#1100,.T.);
#1451=ORIENTED_EDGE('',*,*,#1126,.T.);
#1452=ORIENTED_EDGE('',*,*,#1127,.T.);
#1453=ORIENTED_EDGE('',*,*,#1126,.F.);
#1454=ORIENTED_EDGE('',*,*,#1099,.T.);
#1455=ORIENTED_EDGE('',*,*,#1118,.T.);
#1456=ORIENTED_EDGE('',*,*,#1109,.F.);
#1457=ORIENTED_EDGE('',*,*,#1128,.T.);
#1458=ORIENTED_EDGE('',*,*,#1129,.F.);
#1459=ORIENTED_EDGE('',*,*,#1130,.T.);
#1460=ORIENTED_EDGE('',*,*,#1101,.F.);
#1461=ORIENTED_EDGE('',*,*,#1125,.T.);
#1462=ORIENTED_EDGE('',*,*,#1098,.F.);
#1463=ORIENTED_EDGE('',*,*,#1131,.F.);
#1464=ORIENTED_EDGE('',*,*,#1132,.T.);
#1465=ORIENTED_EDGE('',*,*,#1127,.F.);
#1466=ORIENTED_EDGE('',*,*,#1132,.F.);
#1467=ORIENTED_EDGE('',*,*,#1133,.T.);
#1468=ORIENTED_EDGE('',*,*,#1134,.T.);
#1469=ORIENTED_EDGE('',*,*,#1135,.F.);
#1470=ORIENTED_EDGE('',*,*,#1134,.F.);
#1471=ORIENTED_EDGE('',*,*,#1133,.F.);
#1472=ORIENTED_EDGE('',*,*,#1136,.T.);
#1473=ORIENTED_EDGE('',*,*,#1136,.F.);
#1474=ORIENTED_EDGE('',*,*,#1137,.T.);
#1475=ORIENTED_EDGE('',*,*,#1138,.F.);
#1476=ORIENTED_EDGE('',*,*,#1137,.F.);
#1477=ORIENTED_EDGE('',*,*,#1139,.F.);
#1478=ORIENTED_EDGE('',*,*,#1140,.T.);
#1479=ORIENTED_EDGE('',*,*,#1141,.F.);
#1480=ORIENTED_EDGE('',*,*,#1140,.F.);
#1481=ORIENTED_EDGE('',*,*,#1113,.T.);
#1482=ORIENTED_EDGE('',*,*,#1139,.T.);
#1483=ORIENTED_EDGE('',*,*,#1142,.F.);
#1484=ORIENTED_EDGE('',*,*,#1143,.T.);
#1485=ORIENTED_EDGE('',*,*,#1144,.F.);
#1486=ORIENTED_EDGE('',*,*,#1143,.F.);
#1487=ORIENTED_EDGE('',*,*,#1131,.T.);
#1488=ORIENTED_EDGE('',*,*,#1142,.T.);
#1489=ORIENTED_EDGE('',*,*,#1141,.T.);
#1490=ORIENTED_EDGE('',*,*,#1145,.F.);
#1491=ORIENTED_EDGE('',*,*,#1146,.T.);
#1492=ORIENTED_EDGE('',*,*,#1147,.F.);
#1493=ORIENTED_EDGE('',*,*,#1146,.F.);
#1494=ORIENTED_EDGE('',*,*,#1111,.F.);
#1495=ORIENTED_EDGE('',*,*,#1088,.F.);
#1496=ORIENTED_EDGE('',*,*,#1092,.T.);
#1497=ORIENTED_EDGE('',*,*,#1148,.F.);
#1498=ORIENTED_EDGE('',*,*,#1090,.F.);
#1499=ORIENTED_EDGE('',*,*,#1086,.F.);
#1500=ORIENTED_EDGE('',*,*,#1091,.T.);
#1501=ORIENTED_EDGE('',*,*,#1148,.T.);
#1502=ORIENTED_EDGE('',*,*,#1145,.T.);
#1503=ORIENTED_EDGE('',*,*,#1144,.T.);
#1504=ORIENTED_EDGE('',*,*,#1149,.F.);
#1505=ORIENTED_EDGE('',*,*,#1150,.T.);
#1506=ORIENTED_EDGE('',*,*,#1151,.F.);
#1507=ORIENTED_EDGE('',*,*,#1150,.F.);
#1508=ORIENTED_EDGE('',*,*,#1096,.F.);
#1509=ORIENTED_EDGE('',*,*,#1121,.F.);
#1510=ORIENTED_EDGE('',*,*,#1124,.T.);
#1511=ORIENTED_EDGE('',*,*,#1152,.F.);
#1512=ORIENTED_EDGE('',*,*,#1122,.F.);
#1513=ORIENTED_EDGE('',*,*,#1119,.F.);
#1514=ORIENTED_EDGE('',*,*,#1152,.T.);
#1515=ORIENTED_EDGE('',*,*,#1123,.T.);
#1516=ORIENTED_EDGE('',*,*,#1149,.T.);
#1517=ORIENTED_EDGE('',*,*,#1147,.T.);
#1518=ORIENTED_EDGE('',*,*,#1153,.T.);
#1519=ORIENTED_EDGE('',*,*,#1154,.T.);
#1520=ORIENTED_EDGE('',*,*,#1155,.T.);
#1521=ORIENTED_EDGE('',*,*,#1156,.T.);
#1522=ORIENTED_EDGE('',*,*,#1157,.T.);
#1523=ORIENTED_EDGE('',*,*,#1158,.F.);
#1524=ORIENTED_EDGE('',*,*,#1159,.T.);
#1525=ORIENTED_EDGE('',*,*,#1105,.F.);
#1526=ORIENTED_EDGE('',*,*,#1160,.F.);
#1527=ORIENTED_EDGE('',*,*,#1161,.F.);
#1528=ORIENTED_EDGE('',*,*,#1157,.F.);
#1529=ORIENTED_EDGE('',*,*,#1162,.F.);
#1530=ORIENTED_EDGE('',*,*,#1153,.F.);
#1531=ORIENTED_EDGE('',*,*,#1104,.F.);
#1532=ORIENTED_EDGE('',*,*,#1163,.T.);
#1533=ORIENTED_EDGE('',*,*,#1164,.F.);
#1534=ORIENTED_EDGE('',*,*,#1165,.T.);
#1535=ORIENTED_EDGE('',*,*,#1166,.T.);
#1536=ORIENTED_EDGE('',*,*,#1167,.T.);
#1537=ORIENTED_EDGE('',*,*,#1168,.F.);
#1538=ORIENTED_EDGE('',*,*,#1160,.T.);
#1539=ORIENTED_EDGE('',*,*,#1103,.F.);
#1540=ORIENTED_EDGE('',*,*,#1138,.T.);
#1541=ORIENTED_EDGE('',*,*,#1130,.F.);
#1542=ORIENTED_EDGE('',*,*,#1169,.F.);
#1543=ORIENTED_EDGE('',*,*,#1163,.F.);
#1544=ORIENTED_EDGE('',*,*,#1102,.F.);
#1545=ORIENTED_EDGE('',*,*,#1170,.F.);
#1546=ORIENTED_EDGE('',*,*,#1171,.T.);
#1547=ORIENTED_EDGE('',*,*,#1172,.T.);
#1548=ORIENTED_EDGE('',*,*,#1173,.T.);
#1549=ORIENTED_EDGE('',*,*,#1174,.T.);
#1550=ORIENTED_EDGE('',*,*,#1175,.T.);
#1551=ORIENTED_EDGE('',*,*,#1176,.T.);
#1552=ORIENTED_EDGE('',*,*,#1177,.F.);
#1553=ORIENTED_EDGE('',*,*,#1178,.T.);
#1554=ORIENTED_EDGE('',*,*,#1179,.T.);
#1555=ORIENTED_EDGE('',*,*,#1180,.T.);
#1556=ORIENTED_EDGE('',*,*,#1181,.F.);
#1557=ORIENTED_EDGE('',*,*,#1182,.T.);
#1558=ORIENTED_EDGE('',*,*,#1178,.F.);
#1559=ORIENTED_EDGE('',*,*,#1183,.F.);
#1560=ORIENTED_EDGE('',*,*,#1176,.F.);
#1561=ORIENTED_EDGE('',*,*,#1184,.T.);
#1562=ORIENTED_EDGE('',*,*,#1185,.T.);
#1563=ORIENTED_EDGE('',*,*,#1174,.F.);
#1564=ORIENTED_EDGE('',*,*,#1186,.F.);
#1565=ORIENTED_EDGE('',*,*,#1187,.T.);
#1566=ORIENTED_EDGE('',*,*,#1184,.F.);
#1567=ORIENTED_EDGE('',*,*,#1188,.F.);
#1568=ORIENTED_EDGE('',*,*,#1173,.F.);
#1569=ORIENTED_EDGE('',*,*,#1171,.F.);
#1570=ORIENTED_EDGE('',*,*,#1189,.F.);
#1571=ORIENTED_EDGE('',*,*,#1190,.T.);
#1572=ORIENTED_EDGE('',*,*,#1191,.F.);
#1573=ORIENTED_EDGE('',*,*,#1180,.F.);
#1574=ORIENTED_EDGE('',*,*,#1192,.F.);
#1575=ORIENTED_EDGE('',*,*,#1193,.F.);
#1576=ORIENTED_EDGE('',*,*,#1194,.F.);
#1577=ORIENTED_EDGE('',*,*,#1172,.F.);
#1578=ORIENTED_EDGE('',*,*,#1191,.T.);
#1579=ORIENTED_EDGE('',*,*,#1195,.T.);
#1580=ORIENTED_EDGE('',*,*,#1196,.T.);
#1581=ORIENTED_EDGE('',*,*,#1197,.T.);
#1582=ORIENTED_EDGE('',*,*,#1192,.T.);
#1583=ORIENTED_EDGE('',*,*,#1179,.F.);
#1584=ORIENTED_EDGE('',*,*,#1182,.F.);
#1585=ORIENTED_EDGE('',*,*,#1175,.F.);
#1586=ORIENTED_EDGE('',*,*,#1185,.F.);
#1587=ORIENTED_EDGE('',*,*,#1187,.F.);
#1588=ORIENTED_EDGE('',*,*,#1154,.F.);
#1589=ORIENTED_EDGE('',*,*,#1198,.F.);
#1590=ORIENTED_EDGE('',*,*,#1193,.T.);
#1591=ORIENTED_EDGE('',*,*,#1197,.F.);
#1592=ORIENTED_EDGE('',*,*,#1199,.T.);
#1593=ORIENTED_EDGE('',*,*,#1155,.F.);
#1594=ORIENTED_EDGE('',*,*,#1199,.F.);
#1595=ORIENTED_EDGE('',*,*,#1196,.F.);
#1596=ORIENTED_EDGE('',*,*,#1200,.F.);
#1597=ORIENTED_EDGE('',*,*,#1156,.F.);
#1598=ORIENTED_EDGE('',*,*,#1200,.T.);
#1599=ORIENTED_EDGE('',*,*,#1195,.F.);
#1600=ORIENTED_EDGE('',*,*,#1190,.F.);
#1601=ORIENTED_EDGE('',*,*,#1201,.T.);
#1602=ORIENTED_EDGE('',*,*,#1162,.T.);
#1603=ORIENTED_EDGE('',*,*,#1201,.F.);
#1604=ORIENTED_EDGE('',*,*,#1202,.F.);
#1605=ORIENTED_EDGE('',*,*,#1198,.T.);
#1606=ORIENTED_EDGE('',*,*,#1203,.F.);
#1607=ORIENTED_EDGE('',*,*,#1204,.F.);
#1608=ORIENTED_EDGE('',*,*,#1205,.T.);
#1609=ORIENTED_EDGE('',*,*,#1206,.T.);
#1610=ORIENTED_EDGE('',*,*,#1207,.F.);
#1611=ORIENTED_EDGE('',*,*,#1205,.F.);
#1612=ORIENTED_EDGE('',*,*,#1208,.F.);
#1613=ORIENTED_EDGE('',*,*,#1206,.F.);
#1614=ORIENTED_EDGE('',*,*,#1209,.F.);
#1615=ORIENTED_EDGE('',*,*,#1210,.T.);
#1616=ORIENTED_EDGE('',*,*,#1203,.T.);
#1617=ORIENTED_EDGE('',*,*,#1207,.T.);
#1618=ORIENTED_EDGE('',*,*,#1210,.F.);
#1619=ORIENTED_EDGE('',*,*,#1211,.F.);
#1620=ORIENTED_EDGE('',*,*,#1212,.F.);
#1621=ORIENTED_EDGE('',*,*,#1213,.F.);
#1622=ORIENTED_EDGE('',*,*,#1214,.T.);
#1623=ORIENTED_EDGE('',*,*,#1215,.F.);
#1624=ORIENTED_EDGE('',*,*,#1212,.T.);
#1625=ORIENTED_EDGE('',*,*,#1216,.F.);
#1626=ORIENTED_EDGE('',*,*,#1217,.T.);
#1627=ORIENTED_EDGE('',*,*,#1218,.F.);
#1628=ORIENTED_EDGE('',*,*,#1219,.T.);
#1629=ORIENTED_EDGE('',*,*,#1220,.F.);
#1630=ORIENTED_EDGE('',*,*,#1221,.T.);
#1631=ORIENTED_EDGE('',*,*,#1222,.F.);
#1632=ORIENTED_EDGE('',*,*,#1223,.T.);
#1633=ORIENTED_EDGE('',*,*,#1224,.T.);
#1634=ORIENTED_EDGE('',*,*,#1158,.T.);
#1635=ORIENTED_EDGE('',*,*,#1161,.T.);
#1636=ORIENTED_EDGE('',*,*,#1168,.T.);
#1637=ORIENTED_EDGE('',*,*,#1225,.T.);
#1638=ORIENTED_EDGE('',*,*,#1164,.T.);
#1639=ORIENTED_EDGE('',*,*,#1169,.T.);
#1640=ORIENTED_EDGE('',*,*,#1129,.T.);
#1641=ORIENTED_EDGE('',*,*,#1226,.T.);
#1642=ORIENTED_EDGE('',*,*,#1227,.T.);
#1643=ORIENTED_EDGE('',*,*,#1208,.T.);
#1644=ORIENTED_EDGE('',*,*,#1228,.T.);
#1645=ORIENTED_EDGE('',*,*,#1229,.F.);
#1646=ORIENTED_EDGE('',*,*,#1167,.F.);
#1647=ORIENTED_EDGE('',*,*,#1230,.F.);
#1648=ORIENTED_EDGE('',*,*,#1225,.F.);
#1649=ORIENTED_EDGE('',*,*,#1229,.T.);
#1650=ORIENTED_EDGE('',*,*,#1231,.T.);
#1651=ORIENTED_EDGE('',*,*,#1230,.T.);
#1652=ORIENTED_EDGE('',*,*,#1232,.F.);
#1653=ORIENTED_EDGE('',*,*,#1165,.F.);
#1654=ORIENTED_EDGE('',*,*,#1228,.F.);
#1655=ORIENTED_EDGE('',*,*,#1166,.F.);
#1656=ORIENTED_EDGE('',*,*,#1232,.T.);
#1657=ORIENTED_EDGE('',*,*,#1231,.F.);
#1658=ORIENTED_EDGE('',*,*,#1151,.T.);
#1659=ORIENTED_EDGE('',*,*,#1233,.F.);
#1660=ORIENTED_EDGE('',*,*,#1226,.F.);
#1661=ORIENTED_EDGE('',*,*,#1128,.F.);
#1662=ORIENTED_EDGE('',*,*,#1108,.F.);
#1663=ORIENTED_EDGE('',*,*,#1159,.F.);
#1664=ORIENTED_EDGE('',*,*,#1224,.F.);
#1665=ORIENTED_EDGE('',*,*,#1234,.F.);
#1666=ORIENTED_EDGE('',*,*,#1106,.F.);
#1667=ORIENTED_EDGE('',*,*,#1234,.T.);
#1668=ORIENTED_EDGE('',*,*,#1223,.F.);
#1669=ORIENTED_EDGE('',*,*,#1204,.T.);
#1670=ORIENTED_EDGE('',*,*,#1211,.T.);
#1671=ORIENTED_EDGE('',*,*,#1209,.T.);
#1672=ORIENTED_EDGE('',*,*,#1227,.F.);
#1673=ORIENTED_EDGE('',*,*,#1233,.T.);
#1674=ORIENTED_EDGE('',*,*,#1107,.F.);
#1675=ORIENTED_EDGE('',*,*,#1218,.T.);
#1676=ORIENTED_EDGE('',*,*,#1235,.T.);
#1677=ORIENTED_EDGE('',*,*,#1236,.T.);
#1678=ORIENTED_EDGE('',*,*,#1237,.T.);
#1679=ORIENTED_EDGE('',*,*,#1236,.F.);
#1680=ORIENTED_EDGE('',*,*,#1238,.F.);
#1681=ORIENTED_EDGE('',*,*,#1239,.F.);
#1682=ORIENTED_EDGE('',*,*,#1214,.F.);
#1683=ORIENTED_EDGE('',*,*,#1240,.F.);
#1684=ORIENTED_EDGE('',*,*,#1241,.F.);
#1685=ORIENTED_EDGE('',*,*,#1242,.F.);
#1686=ORIENTED_EDGE('',*,*,#1243,.F.);
#1687=ORIENTED_EDGE('',*,*,#1235,.F.);
#1688=ORIENTED_EDGE('',*,*,#1217,.F.);
#1689=ORIENTED_EDGE('',*,*,#1244,.F.);
#1690=ORIENTED_EDGE('',*,*,#1238,.T.);
#1691=ORIENTED_EDGE('',*,*,#1216,.T.);
#1692=ORIENTED_EDGE('',*,*,#1215,.T.);
#1693=ORIENTED_EDGE('',*,*,#1239,.T.);
#1694=ORIENTED_EDGE('',*,*,#1244,.T.);
#1695=ORIENTED_EDGE('',*,*,#1220,.T.);
#1696=ORIENTED_EDGE('',*,*,#1245,.T.);
#1697=ORIENTED_EDGE('',*,*,#1242,.T.);
#1698=ORIENTED_EDGE('',*,*,#1246,.T.);
#1699=ORIENTED_EDGE('',*,*,#1194,.T.);
#1700=ORIENTED_EDGE('',*,*,#1202,.T.);
#1701=ORIENTED_EDGE('',*,*,#1189,.T.);
#1702=ORIENTED_EDGE('',*,*,#1247,.T.);
#1703=ORIENTED_EDGE('',*,*,#1181,.T.);
#1704=ORIENTED_EDGE('',*,*,#1246,.F.);
#1705=ORIENTED_EDGE('',*,*,#1241,.T.);
#1706=ORIENTED_EDGE('',*,*,#1248,.F.);
#1707=ORIENTED_EDGE('',*,*,#1221,.F.);
#1708=ORIENTED_EDGE('',*,*,#1247,.F.);
#1709=ORIENTED_EDGE('',*,*,#1170,.T.);
#1710=ORIENTED_EDGE('',*,*,#1188,.T.);
#1711=ORIENTED_EDGE('',*,*,#1186,.T.);
#1712=ORIENTED_EDGE('',*,*,#1177,.T.);
#1713=ORIENTED_EDGE('',*,*,#1183,.T.);
#1714=ORIENTED_EDGE('',*,*,#1222,.T.);
#1715=ORIENTED_EDGE('',*,*,#1248,.T.);
#1716=ORIENTED_EDGE('',*,*,#1240,.T.);
#1717=ORIENTED_EDGE('',*,*,#1213,.T.);
#1718=ORIENTED_EDGE('',*,*,#1237,.F.);
#1719=ORIENTED_EDGE('',*,*,#1243,.T.);
#1720=ORIENTED_EDGE('',*,*,#1245,.F.);
#1721=ORIENTED_EDGE('',*,*,#1219,.F.);
#1722=ORIENTED_EDGE('',*,*,#1135,.T.);
#1723=ORIENTED_EDGE('',*,*,#1249,.F.);
#1724=ORIENTED_EDGE('',*,*,#1250,.F.);
#1725=ORIENTED_EDGE('',*,*,#1251,.F.);
#1726=ORIENTED_EDGE('',*,*,#1252,.T.);
#1727=ORIENTED_EDGE('',*,*,#1253,.F.);
#1728=ORIENTED_EDGE('',*,*,#1252,.F.);
#1729=ORIENTED_EDGE('',*,*,#1254,.F.);
#1730=ORIENTED_EDGE('',*,*,#1255,.T.);
#1731=ORIENTED_EDGE('',*,*,#1256,.F.);
#1732=ORIENTED_EDGE('',*,*,#1255,.F.);
#1733=ORIENTED_EDGE('',*,*,#1257,.F.);
#1734=ORIENTED_EDGE('',*,*,#1258,.T.);
#1735=ORIENTED_EDGE('',*,*,#1259,.F.);
#1736=ORIENTED_EDGE('',*,*,#1258,.F.);
#1737=ORIENTED_EDGE('',*,*,#1260,.F.);
#1738=ORIENTED_EDGE('',*,*,#1250,.T.);
#1739=ORIENTED_EDGE('',*,*,#1261,.F.);
#1740=ORIENTED_EDGE('',*,*,#1262,.T.);
#1741=ORIENTED_EDGE('',*,*,#1263,.T.);
#1742=ORIENTED_EDGE('',*,*,#1264,.T.);
#1743=ORIENTED_EDGE('',*,*,#1264,.F.);
#1744=ORIENTED_EDGE('',*,*,#1265,.T.);
#1745=ORIENTED_EDGE('',*,*,#1266,.T.);
#1746=ORIENTED_EDGE('',*,*,#1267,.F.);
#1747=ORIENTED_EDGE('',*,*,#1268,.F.);
#1748=ORIENTED_EDGE('',*,*,#1269,.T.);
#1749=ORIENTED_EDGE('',*,*,#1270,.T.);
#1750=ORIENTED_EDGE('',*,*,#1271,.T.);
#1751=ORIENTED_EDGE('',*,*,#1271,.F.);
#1752=ORIENTED_EDGE('',*,*,#1272,.T.);
#1753=ORIENTED_EDGE('',*,*,#1273,.F.);
#1754=ORIENTED_EDGE('',*,*,#1274,.F.);
#1755=ORIENTED_EDGE('',*,*,#1275,.T.);
#1756=ORIENTED_EDGE('',*,*,#1276,.T.);
#1757=ORIENTED_EDGE('',*,*,#1277,.F.);
#1758=ORIENTED_EDGE('',*,*,#1278,.F.);
#1759=ORIENTED_EDGE('',*,*,#1279,.T.);
#1760=ORIENTED_EDGE('',*,*,#1278,.T.);
#1761=ORIENTED_EDGE('',*,*,#1280,.F.);
#1762=ORIENTED_EDGE('',*,*,#1281,.T.);
#1763=ORIENTED_EDGE('',*,*,#1282,.T.);
#1764=ORIENTED_EDGE('',*,*,#1283,.T.);
#1765=ORIENTED_EDGE('',*,*,#1284,.F.);
#1766=ORIENTED_EDGE('',*,*,#1285,.F.);
#1767=ORIENTED_EDGE('',*,*,#1286,.T.);
#1768=ORIENTED_EDGE('',*,*,#1285,.T.);
#1769=ORIENTED_EDGE('',*,*,#1287,.F.);
#1770=ORIENTED_EDGE('',*,*,#1288,.F.);
#1771=ORIENTED_EDGE('',*,*,#1289,.T.);
#1772=ORIENTED_EDGE('',*,*,#1288,.T.);
#1773=ORIENTED_EDGE('',*,*,#1290,.F.);
#1774=ORIENTED_EDGE('',*,*,#1291,.F.);
#1775=ORIENTED_EDGE('',*,*,#1292,.T.);
#1776=ORIENTED_EDGE('',*,*,#1291,.T.);
#1777=ORIENTED_EDGE('',*,*,#1293,.F.);
#1778=ORIENTED_EDGE('',*,*,#1294,.F.);
#1779=ORIENTED_EDGE('',*,*,#1295,.T.);
#1780=ORIENTED_EDGE('',*,*,#1296,.T.);
#1781=ORIENTED_EDGE('',*,*,#1297,.F.);
#1782=ORIENTED_EDGE('',*,*,#1298,.F.);
#1783=ORIENTED_EDGE('',*,*,#1299,.T.);
#1784=ORIENTED_EDGE('',*,*,#1298,.T.);
#1785=ORIENTED_EDGE('',*,*,#1300,.F.);
#1786=ORIENTED_EDGE('',*,*,#1276,.F.);
#1787=ORIENTED_EDGE('',*,*,#1301,.T.);
#1788=ORIENTED_EDGE('',*,*,#1294,.T.);
#1789=ORIENTED_EDGE('',*,*,#1302,.F.);
#1790=ORIENTED_EDGE('',*,*,#1303,.F.);
#1791=ORIENTED_EDGE('',*,*,#1304,.T.);
#1792=ORIENTED_EDGE('',*,*,#1305,.F.);
#1793=ORIENTED_EDGE('',*,*,#1306,.F.);
#1794=ORIENTED_EDGE('',*,*,#1296,.F.);
#1795=ORIENTED_EDGE('',*,*,#1307,.T.);
#1796=ORIENTED_EDGE('',*,*,#1303,.T.);
#1797=ORIENTED_EDGE('',*,*,#1308,.F.);
#1798=ORIENTED_EDGE('',*,*,#1309,.T.);
#1799=ORIENTED_EDGE('',*,*,#1310,.F.);
#1800=ORIENTED_EDGE('',*,*,#1311,.T.);
#1801=ORIENTED_EDGE('',*,*,#1312,.T.);
#1802=ORIENTED_EDGE('',*,*,#1313,.F.);
#1803=ORIENTED_EDGE('',*,*,#1314,.F.);
#1804=ORIENTED_EDGE('',*,*,#1305,.T.);
#1805=ORIENTED_EDGE('',*,*,#1315,.T.);
#1806=ORIENTED_EDGE('',*,*,#1310,.T.);
#1807=ORIENTED_EDGE('',*,*,#1316,.F.);
#1808=ORIENTED_EDGE('',*,*,#1312,.F.);
#1809=ORIENTED_EDGE('',*,*,#1317,.F.);
#1810=ORIENTED_EDGE('',*,*,#1318,.T.);
#1811=ORIENTED_EDGE('',*,*,#1319,.T.);
#1812=ORIENTED_EDGE('',*,*,#1320,.F.);
#1813=ORIENTED_EDGE('',*,*,#1321,.F.);
#1814=ORIENTED_EDGE('',*,*,#1281,.F.);
#1815=ORIENTED_EDGE('',*,*,#1322,.F.);
#1816=ORIENTED_EDGE('',*,*,#1323,.T.);
#1817=ORIENTED_EDGE('',*,*,#1318,.F.);
#1818=ORIENTED_EDGE('',*,*,#1324,.T.);
#1819=ORIENTED_EDGE('',*,*,#1319,.F.);
#1820=ORIENTED_EDGE('',*,*,#1323,.F.);
#1821=ORIENTED_EDGE('',*,*,#1325,.F.);
#1822=ORIENTED_EDGE('',*,*,#1326,.F.);
#1823=ORIENTED_EDGE('',*,*,#1320,.T.);
#1824=ORIENTED_EDGE('',*,*,#1324,.F.);
#1825=ORIENTED_EDGE('',*,*,#1327,.F.);
#1826=ORIENTED_EDGE('',*,*,#1283,.F.);
#1827=ORIENTED_EDGE('',*,*,#1275,.F.);
#1828=ORIENTED_EDGE('',*,*,#1279,.F.);
#1829=ORIENTED_EDGE('',*,*,#1321,.T.);
#1830=ORIENTED_EDGE('',*,*,#1317,.T.);
#1831=ORIENTED_EDGE('',*,*,#1326,.T.);
#1832=ORIENTED_EDGE('',*,*,#1282,.F.);
#1833=ORIENTED_EDGE('',*,*,#1286,.F.);
#1834=ORIENTED_EDGE('',*,*,#1289,.F.);
#1835=ORIENTED_EDGE('',*,*,#1292,.F.);
#1836=ORIENTED_EDGE('',*,*,#1301,.F.);
#1837=ORIENTED_EDGE('',*,*,#1307,.F.);
#1838=ORIENTED_EDGE('',*,*,#1315,.F.);
#1839=ORIENTED_EDGE('',*,*,#1311,.F.);
#1840=ORIENTED_EDGE('',*,*,#1304,.F.);
#1841=ORIENTED_EDGE('',*,*,#1295,.F.);
#1842=ORIENTED_EDGE('',*,*,#1299,.F.);
#1843=ORIENTED_EDGE('',*,*,#1254,.T.);
#1844=ORIENTED_EDGE('',*,*,#1251,.T.);
#1845=ORIENTED_EDGE('',*,*,#1260,.T.);
#1846=ORIENTED_EDGE('',*,*,#1257,.T.);
#1847=ORIENTED_EDGE('',*,*,#1316,.T.);
#1848=ORIENTED_EDGE('',*,*,#1309,.F.);
#1849=ORIENTED_EDGE('',*,*,#1328,.F.);
#1850=ORIENTED_EDGE('',*,*,#1313,.T.);
#1851=ORIENTED_EDGE('',*,*,#1329,.F.);
#1852=ORIENTED_EDGE('',*,*,#1330,.F.);
#1853=ORIENTED_EDGE('',*,*,#1331,.T.);
#1854=ORIENTED_EDGE('',*,*,#1266,.F.);
#1855=ORIENTED_EDGE('',*,*,#1329,.T.);
#1856=ORIENTED_EDGE('',*,*,#1265,.F.);
#1857=ORIENTED_EDGE('',*,*,#1263,.F.);
#1858=ORIENTED_EDGE('',*,*,#1332,.T.);
#1859=ORIENTED_EDGE('',*,*,#1333,.T.);
#1860=ORIENTED_EDGE('',*,*,#1267,.T.);
#1861=ORIENTED_EDGE('',*,*,#1331,.F.);
#1862=ORIENTED_EDGE('',*,*,#1334,.T.);
#1863=ORIENTED_EDGE('',*,*,#1335,.T.);
#1864=ORIENTED_EDGE('',*,*,#1261,.T.);
#1865=ORIENTED_EDGE('',*,*,#1336,.T.);
#1866=ORIENTED_EDGE('',*,*,#1337,.T.);
#1867=ORIENTED_EDGE('',*,*,#1338,.T.);
#1868=ORIENTED_EDGE('',*,*,#1339,.T.);
#1869=ORIENTED_EDGE('',*,*,#1340,.T.);
#1870=ORIENTED_EDGE('',*,*,#1341,.T.);
#1871=ORIENTED_EDGE('',*,*,#1342,.T.);
#1872=ORIENTED_EDGE('',*,*,#1343,.T.);
#1873=ORIENTED_EDGE('',*,*,#1249,.T.);
#1874=ORIENTED_EDGE('',*,*,#1253,.T.);
#1875=ORIENTED_EDGE('',*,*,#1256,.T.);
#1876=ORIENTED_EDGE('',*,*,#1259,.T.);
#1877=ORIENTED_EDGE('',*,*,#1334,.F.);
#1878=ORIENTED_EDGE('',*,*,#1344,.F.);
#1879=ORIENTED_EDGE('',*,*,#1345,.T.);
#1880=ORIENTED_EDGE('',*,*,#1346,.F.);
#1881=ORIENTED_EDGE('',*,*,#1336,.F.);
#1882=ORIENTED_EDGE('',*,*,#1347,.F.);
#1883=ORIENTED_EDGE('',*,*,#1348,.T.);
#1884=ORIENTED_EDGE('',*,*,#1349,.T.);
#1885=ORIENTED_EDGE('',*,*,#1350,.T.);
#1886=ORIENTED_EDGE('',*,*,#1273,.T.);
#1887=ORIENTED_EDGE('',*,*,#1351,.F.);
#1888=ORIENTED_EDGE('',*,*,#1352,.F.);
#1889=ORIENTED_EDGE('',*,*,#1350,.F.);
#1890=ORIENTED_EDGE('',*,*,#1353,.F.);
#1891=ORIENTED_EDGE('',*,*,#1354,.T.);
#1892=ORIENTED_EDGE('',*,*,#1268,.T.);
#1893=ORIENTED_EDGE('',*,*,#1274,.T.);
#1894=ORIENTED_EDGE('',*,*,#1355,.F.);
#1895=ORIENTED_EDGE('',*,*,#1351,.T.);
#1896=ORIENTED_EDGE('',*,*,#1272,.F.);
#1897=ORIENTED_EDGE('',*,*,#1270,.F.);
#1898=ORIENTED_EDGE('',*,*,#1356,.T.);
#1899=ORIENTED_EDGE('',*,*,#1353,.T.);
#1900=ORIENTED_EDGE('',*,*,#1357,.F.);
#1901=ORIENTED_EDGE('',*,*,#1358,.T.);
#1902=ORIENTED_EDGE('',*,*,#1359,.F.);
#1903=ORIENTED_EDGE('',*,*,#1360,.F.);
#1904=ORIENTED_EDGE('',*,*,#1361,.T.);
#1905=ORIENTED_EDGE('',*,*,#1362,.F.);
#1906=ORIENTED_EDGE('',*,*,#1363,.F.);
#1907=ORIENTED_EDGE('',*,*,#1364,.F.);
#1908=ORIENTED_EDGE('',*,*,#1363,.T.);
#1909=ORIENTED_EDGE('',*,*,#1365,.F.);
#1910=ORIENTED_EDGE('',*,*,#1358,.F.);
#1911=ORIENTED_EDGE('',*,*,#1355,.T.);
#1912=ORIENTED_EDGE('',*,*,#1366,.F.);
#1913=ORIENTED_EDGE('',*,*,#1367,.F.);
#1914=ORIENTED_EDGE('',*,*,#1368,.F.);
#1915=ORIENTED_EDGE('',*,*,#1369,.F.);
#1916=ORIENTED_EDGE('',*,*,#1367,.T.);
#1917=ORIENTED_EDGE('',*,*,#1370,.F.);
#1918=ORIENTED_EDGE('',*,*,#1371,.F.);
#1919=ORIENTED_EDGE('',*,*,#1372,.F.);
#1920=ORIENTED_EDGE('',*,*,#1371,.T.);
#1921=ORIENTED_EDGE('',*,*,#1373,.F.);
#1922=ORIENTED_EDGE('',*,*,#1374,.F.);
#1923=ORIENTED_EDGE('',*,*,#1375,.F.);
#1924=ORIENTED_EDGE('',*,*,#1374,.T.);
#1925=ORIENTED_EDGE('',*,*,#1376,.F.);
#1926=ORIENTED_EDGE('',*,*,#1345,.F.);
#1927=ORIENTED_EDGE('',*,*,#1333,.F.);
#1928=ORIENTED_EDGE('',*,*,#1377,.F.);
#1929=ORIENTED_EDGE('',*,*,#1378,.F.);
#1930=ORIENTED_EDGE('',*,*,#1379,.F.);
#1931=ORIENTED_EDGE('',*,*,#1380,.F.);
#1932=ORIENTED_EDGE('',*,*,#1378,.T.);
#1933=ORIENTED_EDGE('',*,*,#1381,.F.);
#1934=ORIENTED_EDGE('',*,*,#1361,.F.);
#1935=ORIENTED_EDGE('',*,*,#1335,.F.);
#1936=ORIENTED_EDGE('',*,*,#1346,.T.);
#1937=ORIENTED_EDGE('',*,*,#1376,.T.);
#1938=ORIENTED_EDGE('',*,*,#1373,.T.);
#1939=ORIENTED_EDGE('',*,*,#1370,.T.);
#1940=ORIENTED_EDGE('',*,*,#1366,.T.);
#1941=ORIENTED_EDGE('',*,*,#1356,.F.);
#1942=ORIENTED_EDGE('',*,*,#1269,.F.);
#1943=ORIENTED_EDGE('',*,*,#1354,.F.);
#1944=ORIENTED_EDGE('',*,*,#1359,.T.);
#1945=ORIENTED_EDGE('',*,*,#1365,.T.);
#1946=ORIENTED_EDGE('',*,*,#1362,.T.);
#1947=ORIENTED_EDGE('',*,*,#1381,.T.);
#1948=ORIENTED_EDGE('',*,*,#1377,.T.);
#1949=ORIENTED_EDGE('',*,*,#1332,.F.);
#1950=ORIENTED_EDGE('',*,*,#1262,.F.);
#1951=ORIENTED_EDGE('',*,*,#1297,.T.);
#1952=ORIENTED_EDGE('',*,*,#1306,.T.);
#1953=ORIENTED_EDGE('',*,*,#1314,.T.);
#1954=ORIENTED_EDGE('',*,*,#1328,.T.);
#1955=ORIENTED_EDGE('',*,*,#1308,.T.);
#1956=ORIENTED_EDGE('',*,*,#1302,.T.);
#1957=ORIENTED_EDGE('',*,*,#1293,.T.);
#1958=ORIENTED_EDGE('',*,*,#1290,.T.);
#1959=ORIENTED_EDGE('',*,*,#1287,.T.);
#1960=ORIENTED_EDGE('',*,*,#1284,.T.);
#1961=ORIENTED_EDGE('',*,*,#1327,.T.);
#1962=ORIENTED_EDGE('',*,*,#1325,.T.);
#1963=ORIENTED_EDGE('',*,*,#1322,.T.);
#1964=ORIENTED_EDGE('',*,*,#1280,.T.);
#1965=ORIENTED_EDGE('',*,*,#1277,.T.);
#1966=ORIENTED_EDGE('',*,*,#1300,.T.);
#1967=ORIENTED_EDGE('',*,*,#1382,.T.);
#1968=ORIENTED_EDGE('',*,*,#1383,.T.);
#1969=ORIENTED_EDGE('',*,*,#1342,.F.);
#1970=ORIENTED_EDGE('',*,*,#1384,.F.);
#1971=ORIENTED_EDGE('',*,*,#1385,.T.);
#1972=ORIENTED_EDGE('',*,*,#1384,.T.);
#1973=ORIENTED_EDGE('',*,*,#1341,.F.);
#1974=ORIENTED_EDGE('',*,*,#1386,.F.);
#1975=ORIENTED_EDGE('',*,*,#1387,.T.);
#1976=ORIENTED_EDGE('',*,*,#1386,.T.);
#1977=ORIENTED_EDGE('',*,*,#1340,.F.);
#1978=ORIENTED_EDGE('',*,*,#1388,.F.);
#1979=ORIENTED_EDGE('',*,*,#1389,.T.);
#1980=ORIENTED_EDGE('',*,*,#1388,.T.);
#1981=ORIENTED_EDGE('',*,*,#1339,.F.);
#1982=ORIENTED_EDGE('',*,*,#1390,.F.);
#1983=ORIENTED_EDGE('',*,*,#1391,.T.);
#1984=ORIENTED_EDGE('',*,*,#1390,.T.);
#1985=ORIENTED_EDGE('',*,*,#1338,.F.);
#1986=ORIENTED_EDGE('',*,*,#1392,.F.);
#1987=ORIENTED_EDGE('',*,*,#1393,.T.);
#1988=ORIENTED_EDGE('',*,*,#1392,.T.);
#1989=ORIENTED_EDGE('',*,*,#1337,.F.);
#1990=ORIENTED_EDGE('',*,*,#1349,.F.);
#1991=ORIENTED_EDGE('',*,*,#1394,.T.);
#1992=ORIENTED_EDGE('',*,*,#1347,.T.);
#1993=ORIENTED_EDGE('',*,*,#1343,.F.);
#1994=ORIENTED_EDGE('',*,*,#1383,.F.);
#1995=ORIENTED_EDGE('',*,*,#1348,.F.);
#1996=ORIENTED_EDGE('',*,*,#1394,.F.);
#1997=ORIENTED_EDGE('',*,*,#1382,.F.);
#1998=ORIENTED_EDGE('',*,*,#1385,.F.);
#1999=ORIENTED_EDGE('',*,*,#1387,.F.);
#2000=ORIENTED_EDGE('',*,*,#1389,.F.);
#2001=ORIENTED_EDGE('',*,*,#1391,.F.);
#2002=ORIENTED_EDGE('',*,*,#1393,.F.);
#2003=ORIENTED_EDGE('',*,*,#1330,.T.);
#2004=ORIENTED_EDGE('',*,*,#1379,.T.);
#2005=ORIENTED_EDGE('',*,*,#1380,.T.);
#2006=ORIENTED_EDGE('',*,*,#1360,.T.);
#2007=ORIENTED_EDGE('',*,*,#1364,.T.);
#2008=ORIENTED_EDGE('',*,*,#1357,.T.);
#2009=ORIENTED_EDGE('',*,*,#1352,.T.);
#2010=ORIENTED_EDGE('',*,*,#1368,.T.);
#2011=ORIENTED_EDGE('',*,*,#1369,.T.);
#2012=ORIENTED_EDGE('',*,*,#1372,.T.);
#2013=ORIENTED_EDGE('',*,*,#1375,.T.);
#2014=ORIENTED_EDGE('',*,*,#1344,.T.);
#2015=PLANE('',#2245);
#2016=PLANE('',#2255);
#2017=PLANE('',#2276);
#2018=PLANE('',#2283);
#2019=PLANE('',#2290);
#2020=PLANE('',#2294);
#2021=PLANE('',#2295);
#2022=PLANE('',#2299);
#2023=PLANE('',#2300);
#2024=PLANE('',#2301);
#2025=PLANE('',#2305);
#2026=PLANE('',#2306);
#2027=PLANE('',#2307);
#2028=PLANE('',#2308);
#2029=PLANE('',#2311);
#2030=PLANE('',#2327);
#2031=PLANE('',#2328);
#2032=PLANE('',#2329);
#2033=PLANE('',#2330);
#2034=PLANE('',#2331);
#2035=PLANE('',#2332);
#2036=PLANE('',#2333);
#2037=PLANE('',#2334);
#2038=PLANE('',#2335);
#2039=PLANE('',#2336);
#2040=PLANE('',#2337);
#2041=PLANE('',#2338);
#2042=PLANE('',#2339);
#2043=PLANE('',#2346);
#2044=PLANE('',#2347);
#2045=PLANE('',#2348);
#2046=PLANE('',#2349);
#2047=PLANE('',#2350);
#2048=PLANE('',#2353);
#2049=PLANE('',#2356);
#2050=PLANE('',#2360);
#2051=PLANE('',#2363);
#2052=PLANE('',#2365);
#2053=PLANE('',#2367);
#2054=PLANE('',#2368);
#2055=PLANE('',#2369);
#2056=PLANE('',#2370);
#2057=PLANE('',#2371);
#2058=PLANE('',#2372);
#2059=PLANE('',#2373);
#2060=PLANE('',#2374);
#2061=PLANE('',#2378);
#2062=PLANE('',#2379);
#2063=PLANE('',#2383);
#2064=PLANE('',#2390);
#2065=PLANE('',#2391);
#2066=PLANE('',#2392);
#2067=PLANE('',#2393);
#2068=PLANE('',#2394);
#2069=PLANE('',#2395);
#2070=PLANE('',#2396);
#2071=PLANE('',#2397);
#2072=PLANE('',#2398);
#2073=PLANE('',#2399);
#2074=PLANE('',#2400);
#2075=PLANE('',#2401);
#2076=PLANE('',#2402);
#2077=PLANE('',#2403);
#2078=PLANE('',#2404);
#2079=PLANE('',#2405);
#2080=PLANE('',#2410);
#2081=PLANE('',#2411);
#2082=PLANE('',#2412);
#2083=PLANE('',#2413);
#2084=PLANE('',#2414);
#2085=PLANE('',#2415);
#2086=PLANE('',#2416);
#2087=PLANE('',#2420);
#2088=PLANE('',#2424);
#2089=PLANE('',#2428);
#2090=PLANE('',#2432);
#2091=PLANE('',#2433);
#2092=PLANE('',#2436);
#2093=PLANE('',#2439);
#2094=PLANE('',#2444);
#2095=ADVANCED_FACE('',(#550),#2015,.T.);
#2096=ADVANCED_FACE('',(#551),#545,.T.);
#2097=ADVANCED_FACE('',(#552),#503,.T.);
#2098=ADVANCED_FACE('',(#553),#546,.T.);
#2099=ADVANCED_FACE('',(#554,#34,#35,#36),#2016,.T.);
#2100=ADVANCED_FACE('',(#555),#504,.T.);
#2101=ADVANCED_FACE('',(#556),#547,.T.);
#2102=ADVANCED_FACE('',(#557),#505,.T.);
#2103=ADVANCED_FACE('',(#558),#548,.T.);
#2104=ADVANCED_FACE('',(#559),#506,.T.);
#2105=ADVANCED_FACE('',(#560),#549,.T.);
#2106=ADVANCED_FACE('',(#561),#2017,.F.);
#2107=ADVANCED_FACE('',(#562),#507,.T.);
#2108=ADVANCED_FACE('',(#563),#33,.T.);
#2109=ADVANCED_FACE('',(#564,#37),#2018,.T.);
#2110=ADVANCED_FACE('',(#565),#508,.F.);
#2111=ADVANCED_FACE('',(#566),#509,.F.);
#2112=ADVANCED_FACE('',(#567,#38),#2019,.T.);
#2113=ADVANCED_FACE('',(#568),#510,.F.);
#2114=ADVANCED_FACE('',(#569,#39),#2020,.T.);
#2115=ADVANCED_FACE('',(#570),#2021,.T.);
#2116=ADVANCED_FACE('',(#571),#511,.F.);
#2117=ADVANCED_FACE('',(#572),#2022,.T.);
#2118=ADVANCED_FACE('',(#573,#40),#2023,.T.);
#2119=ADVANCED_FACE('',(#574),#2024,.T.);
#2120=ADVANCED_FACE('',(#575),#512,.F.);
#2121=ADVANCED_FACE('',(#576),#2025,.T.);
#2122=ADVANCED_FACE('',(#577,#41),#2026,.T.);
#2123=ADVANCED_FACE('',(#578),#2027,.T.);
#2124=ADVANCED_FACE('',(#579),#2028,.F.);
#2125=ADVANCED_FACE('',(#580),#513,.F.);
#2126=ADVANCED_FACE('',(#581,#42),#2029,.F.);
#2127=ADVANCED_FACE('',(#582),#514,.F.);
#2128=ADVANCED_FACE('',(#583),#515,.T.);
#2129=ADVANCED_FACE('',(#584),#516,.T.);
#2130=ADVANCED_FACE('',(#585),#517,.T.);
#2131=ADVANCED_FACE('',(#586),#518,.T.);
#2132=ADVANCED_FACE('',(#587),#519,.T.);
#2133=ADVANCED_FACE('',(#588),#520,.T.);
#2134=ADVANCED_FACE('',(#589),#2030,.T.);
#2135=ADVANCED_FACE('',(#590),#2031,.T.);
#2136=ADVANCED_FACE('',(#591),#2032,.T.);
#2137=ADVANCED_FACE('',(#592),#2033,.F.);
#2138=ADVANCED_FACE('',(#593),#2034,.F.);
#2139=ADVANCED_FACE('',(#594),#2035,.F.);
#2140=ADVANCED_FACE('',(#595),#2036,.F.);
#2141=ADVANCED_FACE('',(#596),#2037,.F.);
#2142=ADVANCED_FACE('',(#597),#2038,.F.);
#2143=ADVANCED_FACE('',(#598),#2039,.F.);
#2144=ADVANCED_FACE('',(#599),#2040,.F.);
#2145=ADVANCED_FACE('',(#600),#2041,.T.);
#2146=ADVANCED_FACE('',(#601,#43),#2042,.T.);
#2147=ADVANCED_FACE('',(#602),#2043,.T.);
#2148=ADVANCED_FACE('',(#603),#2044,.T.);
#2149=ADVANCED_FACE('',(#604),#2045,.T.);
#2150=ADVANCED_FACE('',(#605),#2046,.T.);
#2151=ADVANCED_FACE('',(#606),#2047,.T.);
#2152=ADVANCED_FACE('',(#607),#521,.F.);
#2153=ADVANCED_FACE('',(#608),#522,.F.);
#2154=ADVANCED_FACE('',(#609),#2048,.F.);
#2155=ADVANCED_FACE('',(#610),#523,.T.);
#2156=ADVANCED_FACE('',(#611),#2049,.F.);
#2157=ADVANCED_FACE('',(#612),#2050,.T.);
#2158=ADVANCED_FACE('',(#613),#524,.T.);
#2159=ADVANCED_FACE('',(#614),#525,.T.);
#2160=ADVANCED_FACE('',(#615),#2051,.T.);
#2161=ADVANCED_FACE('',(#616),#526,.T.);
#2162=ADVANCED_FACE('',(#617,#44),#2052,.T.);
#2163=ADVANCED_FACE('',(#618),#2053,.F.);
#2164=ADVANCED_FACE('',(#619),#2054,.F.);
#2165=ADVANCED_FACE('',(#620),#2055,.F.);
#2166=ADVANCED_FACE('',(#621),#2056,.F.);
#2167=ADVANCED_FACE('',(#622),#2057,.T.);
#2168=ADVANCED_FACE('',(#623),#2058,.T.);
#2169=ADVANCED_FACE('',(#624),#2059,.T.);
#2170=ADVANCED_FACE('',(#625),#2060,.F.);
#2171=ADVANCED_FACE('',(#626),#527,.F.);
#2172=ADVANCED_FACE('',(#627),#2061,.F.);
#2173=ADVANCED_FACE('',(#628),#2062,.F.);
#2174=ADVANCED_FACE('',(#629),#528,.F.);
#2175=ADVANCED_FACE('',(#630),#2063,.F.);
#2176=ADVANCED_FACE('',(#631),#529,.F.);
#2177=ADVANCED_FACE('',(#632),#530,.F.);
#2178=ADVANCED_FACE('',(#633),#2064,.F.);
#2179=ADVANCED_FACE('',(#634),#2065,.F.);
#2180=ADVANCED_FACE('',(#635),#2066,.F.);
#2181=ADVANCED_FACE('',(#636),#2067,.T.);
#2182=ADVANCED_FACE('',(#637),#2068,.T.);
#2183=ADVANCED_FACE('',(#638),#2069,.T.);
#2184=ADVANCED_FACE('',(#639),#2070,.F.);
#2185=ADVANCED_FACE('',(#640),#2071,.F.);
#2186=ADVANCED_FACE('',(#641),#2072,.F.);
#2187=ADVANCED_FACE('',(#642),#2073,.F.);
#2188=ADVANCED_FACE('',(#643,#45),#2074,.F.);
#2189=ADVANCED_FACE('',(#644),#2075,.T.);
#2190=ADVANCED_FACE('',(#645),#2076,.T.);
#2191=ADVANCED_FACE('',(#646),#2077,.T.);
#2192=ADVANCED_FACE('',(#647),#2078,.T.);
#2193=ADVANCED_FACE('',(#648,#46),#2079,.T.);
#2194=ADVANCED_FACE('',(#649),#2080,.T.);
#2195=ADVANCED_FACE('',(#650),#2081,.T.);
#2196=ADVANCED_FACE('',(#651),#2082,.F.);
#2197=ADVANCED_FACE('',(#652),#2083,.F.);
#2198=ADVANCED_FACE('',(#653),#2084,.F.);
#2199=ADVANCED_FACE('',(#654),#2085,.T.);
#2200=ADVANCED_FACE('',(#655),#2086,.T.);
#2201=ADVANCED_FACE('',(#656),#531,.T.);
#2202=ADVANCED_FACE('',(#657),#2087,.T.);
#2203=ADVANCED_FACE('',(#658),#532,.T.);
#2204=ADVANCED_FACE('',(#659),#2088,.T.);
#2205=ADVANCED_FACE('',(#660),#533,.T.);
#2206=ADVANCED_FACE('',(#661),#2089,.T.);
#2207=ADVANCED_FACE('',(#662),#534,.T.);
#2208=ADVANCED_FACE('',(#663,#47),#2090,.T.);
#2209=ADVANCED_FACE('',(#664),#2091,.T.);
#2210=ADVANCED_FACE('',(#665),#535,.T.);
#2211=ADVANCED_FACE('',(#666),#2092,.T.);
#2212=ADVANCED_FACE('',(#667),#536,.T.);
#2213=ADVANCED_FACE('',(#668),#2093,.T.);
#2214=ADVANCED_FACE('',(#669),#537,.T.);
#2215=ADVANCED_FACE('',(#670),#538,.T.);
#2216=ADVANCED_FACE('',(#671,#48),#2094,.F.);
#2217=CLOSED_SHELL('',(#2095,#2096,#2097,#2098,#2099,#2100,#2101,#2102,
#2103,#2104,#2105,#2106,#2107,#2108,#2109,#2110,#2111,#2112,#2113,#2114,
#2115,#2116,#2117,#2118,#2119,#2120,#2121,#2122,#2123,#2124,#2125,#2126,
#2127,#2128,#2129,#2130,#2131,#2132,#2133,#2134,#2135,#2136,#2137,#2138,
#2139,#2140,#2141,#2142,#2143,#2144,#2145,#2146,#2147,#2148,#2149,#2150,
#2151,#2152,#2153,#2154,#2155,#2156,#2157,#2158,#2159,#2160,#2161,#2162));
#2218=CLOSED_SHELL('',(#2163,#2164,#2165,#2166,#2167,#2168,#2169,#2170,
#2171,#2172,#2173,#2174,#2175,#2176,#2177,#2178,#2179,#2180,#2181,#2182,
#2183,#2184,#2185,#2186,#2187,#2188,#2189,#2190,#2191,#2192,#2193,#2194,
#2195,#2196,#2197,#2198,#2199,#2200,#2201,#2202,#2203,#2204,#2205,#2206,
#2207,#2208,#2209,#2210,#2211,#2212,#2213,#2214,#2215,#2216));
#2219=DERIVED_UNIT_ELEMENT(#2223,1.);
#2220=DERIVED_UNIT_ELEMENT(#3750,-3.);
#2221=DERIVED_UNIT_ELEMENT(#2223,1.);
#2222=DERIVED_UNIT_ELEMENT(#3750,-3.);
#2223=(
MASS_UNIT()
NAMED_UNIT(*)
SI_UNIT(.KILO.,.GRAM.)
);
#2224=DERIVED_UNIT((#2219,#2220));
#2225=DERIVED_UNIT((#2221,#2222));
#2226=MEASURE_REPRESENTATION_ITEM('density measure',
POSITIVE_RATIO_MEASURE(7850.),#2224);
#2227=MEASURE_REPRESENTATION_ITEM('density measure',
POSITIVE_RATIO_MEASURE(7850.),#2225);
#2228=PROPERTY_DEFINITION_REPRESENTATION(#2238,#2232);
#2229=PROPERTY_DEFINITION_REPRESENTATION(#2239,#2233);
#2230=PROPERTY_DEFINITION_REPRESENTATION(#2240,#2234);
#2231=PROPERTY_DEFINITION_REPRESENTATION(#2241,#2235);
#2232=REPRESENTATION('material name',(#2236),#3746);
#2233=REPRESENTATION('density',(#2226),#3746);
#2234=REPRESENTATION('material name',(#2237),#3747);
#2235=REPRESENTATION('density',(#2227),#3747);
#2236=DESCRIPTIVE_REPRESENTATION_ITEM('Stahl','Stahl');
#2237=DESCRIPTIVE_REPRESENTATION_ITEM('Stahl','Stahl');
#2238=PROPERTY_DEFINITION('material property','material name',#3771);
#2239=PROPERTY_DEFINITION('material property','density of part',#3771);
#2240=PROPERTY_DEFINITION('material property','material name',#3772);
#2241=PROPERTY_DEFINITION('material property','density of part',#3772);
#2242=AXIS2_PLACEMENT_3D('',#3087,#2448,#2449);
#2243=AXIS2_PLACEMENT_3D('',#3088,#2450,#2451);
#2244=AXIS2_PLACEMENT_3D('',#3089,#2452,#2453);
#2245=AXIS2_PLACEMENT_3D('',#3090,#2454,#2455);
#2246=AXIS2_PLACEMENT_3D('',#3092,#2456,#2457);
#2247=AXIS2_PLACEMENT_3D('',#3093,#2458,#2459);
#2248=AXIS2_PLACEMENT_3D('',#3100,#2460,#2461);
#2249=AXIS2_PLACEMENT_3D('',#3105,#2462,#2463);
#2250=AXIS2_PLACEMENT_3D('',#3106,#2464,#2465);
#2251=AXIS2_PLACEMENT_3D('',#3110,#2467,#2468);
#2252=AXIS2_PLACEMENT_3D('',#3112,#2470,#2471);
#2253=AXIS2_PLACEMENT_3D('',#3114,#2472,#2473);
#2254=AXIS2_PLACEMENT_3D('',#3117,#2475,#2476);
#2255=AXIS2_PLACEMENT_3D('',#3118,#2477,#2478);
#2256=AXIS2_PLACEMENT_3D('',#3123,#2480,#2481);
#2257=AXIS2_PLACEMENT_3D('',#3127,#2483,#2484);
#2258=AXIS2_PLACEMENT_3D('',#3129,#2485,#2486);
#2259=AXIS2_PLACEMENT_3D('',#3133,#2488,#2489);
#2260=AXIS2_PLACEMENT_3D('',#3137,#2491,#2492);
#2261=AXIS2_PLACEMENT_3D('',#3141,#2494,#2495);
#2262=AXIS2_PLACEMENT_3D('',#3145,#2497,#2498);
#2263=AXIS2_PLACEMENT_3D('',#3148,#2500,#2501);
#2264=AXIS2_PLACEMENT_3D('',#3151,#2503,#2504);
#2265=AXIS2_PLACEMENT_3D('',#3152,#2505,#2506);
#2266=AXIS2_PLACEMENT_3D('',#3154,#2507,#2508);
#2267=AXIS2_PLACEMENT_3D('',#3156,#2510,#2511);
#2268=AXIS2_PLACEMENT_3D('',#3159,#2513,#2514);
#2269=AXIS2_PLACEMENT_3D('',#3160,#2515,#2516);
#2270=AXIS2_PLACEMENT_3D('',#3162,#2518,#2519);
#2271=AXIS2_PLACEMENT_3D('',#3171,#2520,#2521);
#2272=AXIS2_PLACEMENT_3D('',#3175,#2522,#2523);
#2273=AXIS2_PLACEMENT_3D('',#3179,#2525,#2526);
#2274=AXIS2_PLACEMENT_3D('',#3181,#2528,#2529);
#2275=AXIS2_PLACEMENT_3D('',#3187,#2531,#2532);
#2276=AXIS2_PLACEMENT_3D('',#3188,#2533,#2534);
#2277=AXIS2_PLACEMENT_3D('',#3194,#2538,#2539);
#2278=AXIS2_PLACEMENT_3D('',#3196,#2540,#2541);
#2279=AXIS2_PLACEMENT_3D('',#3198,#2543,#2544);
#2280=AXIS2_PLACEMENT_3D('',#3200,#2545,#2546);
#2281=AXIS2_PLACEMENT_3D('',#3202,#2547,#2548);
#2282=AXIS2_PLACEMENT_3D('',#3203,#2549,#2550);
#2283=AXIS2_PLACEMENT_3D('',#3204,#2551,#2552);
#2284=AXIS2_PLACEMENT_3D('',#3206,#2553,#2554);
#2285=AXIS2_PLACEMENT_3D('',#3207,#2555,#2556);
#2286=AXIS2_PLACEMENT_3D('',#3210,#2558,#2559);
#2287=AXIS2_PLACEMENT_3D('',#3211,#2560,#2561);
#2288=AXIS2_PLACEMENT_3D('',#3213,#2562,#2563);
#2289=AXIS2_PLACEMENT_3D('',#3216,#2565,#2566);
#2290=AXIS2_PLACEMENT_3D('',#3217,#2567,#2568);
#2291=AXIS2_PLACEMENT_3D('',#3218,#2569,#2570);
#2292=AXIS2_PLACEMENT_3D('',#3220,#2571,#2572);
#2293=AXIS2_PLACEMENT_3D('',#3223,#2574,#2575);
#2294=AXIS2_PLACEMENT_3D('',#3224,#2576,#2577);
#2295=AXIS2_PLACEMENT_3D('',#3225,#2578,#2579);
#2296=AXIS2_PLACEMENT_3D('',#3226,#2580,#2581);
#2297=AXIS2_PLACEMENT_3D('',#3228,#2582,#2583);
#2298=AXIS2_PLACEMENT_3D('',#3231,#2585,#2586);
#2299=AXIS2_PLACEMENT_3D('',#3232,#2587,#2588);
#2300=AXIS2_PLACEMENT_3D('',#3234,#2590,#2591);
#2301=AXIS2_PLACEMENT_3D('',#3235,#2592,#2593);
#2302=AXIS2_PLACEMENT_3D('',#3236,#2594,#2595);
#2303=AXIS2_PLACEMENT_3D('',#3238,#2596,#2597);
#2304=AXIS2_PLACEMENT_3D('',#3241,#2599,#2600);
#2305=AXIS2_PLACEMENT_3D('',#3242,#2601,#2602);
#2306=AXIS2_PLACEMENT_3D('',#3244,#2604,#2605);
#2307=AXIS2_PLACEMENT_3D('',#3245,#2606,#2607);
#2308=AXIS2_PLACEMENT_3D('',#3246,#2608,#2609);
#2309=AXIS2_PLACEMENT_3D('',#3260,#2617,#2618);
#2310=AXIS2_PLACEMENT_3D('',#3263,#2620,#2621);
#2311=AXIS2_PLACEMENT_3D('',#3265,#2623,#2624);
#2312=AXIS2_PLACEMENT_3D('',#3277,#2631,#2632);
#2313=AXIS2_PLACEMENT_3D('',#3278,#2633,#2634);
#2314=AXIS2_PLACEMENT_3D('',#3279,#2635,#2636);
#2315=AXIS2_PLACEMENT_3D('',#3284,#2638,#2639);
#2316=AXIS2_PLACEMENT_3D('',#3287,#2641,#2642);
#2317=AXIS2_PLACEMENT_3D('',#3288,#2643,#2644);
#2318=AXIS2_PLACEMENT_3D('',#3291,#2645,#2646);
#2319=AXIS2_PLACEMENT_3D('',#3295,#2648,#2649);
#2320=AXIS2_PLACEMENT_3D('',#3297,#2651,#2652);
#2321=AXIS2_PLACEMENT_3D('',#3300,#2653,#2654);
#2322=AXIS2_PLACEMENT_3D('',#3304,#2656,#2657);
#2323=AXIS2_PLACEMENT_3D('',#3306,#2659,#2660);
#2324=AXIS2_PLACEMENT_3D('',#3309,#2663,#2664);
#2325=AXIS2_PLACEMENT_3D('',#3312,#2665,#2666);
#2326=AXIS2_PLACEMENT_3D('',#3315,#2669,#2670);
#2327=AXIS2_PLACEMENT_3D('',#3318,#2673,#2674);
#2328=AXIS2_PLACEMENT_3D('',#3324,#2678,#2679);
#2329=AXIS2_PLACEMENT_3D('',#3330,#2683,#2684);
#2330=AXIS2_PLACEMENT_3D('',#3336,#2688,#2689);
#2331=AXIS2_PLACEMENT_3D('',#3339,#2692,#2693);
#2332=AXIS2_PLACEMENT_3D('',#3341,#2695,#2696);
#2333=AXIS2_PLACEMENT_3D('',#3343,#2698,#2699);
#2334=AXIS2_PLACEMENT_3D('',#3345,#2701,#2702);
#2335=AXIS2_PLACEMENT_3D('',#3352,#2706,#2707);
#2336=AXIS2_PLACEMENT_3D('',#3358,#2711,#2712);
#2337=AXIS2_PLACEMENT_3D('',#3362,#2715,#2716);
#2338=AXIS2_PLACEMENT_3D('',#3364,#2718,#2719);
#2339=AXIS2_PLACEMENT_3D('',#3373,#2724,#2725);
#2340=AXIS2_PLACEMENT_3D('',#3375,#2726,#2727);
#2341=AXIS2_PLACEMENT_3D('',#3379,#2729,#2730);
#2342=AXIS2_PLACEMENT_3D('',#3383,#2732,#2733);
#2343=AXIS2_PLACEMENT_3D('',#3386,#2735,#2736);
#2344=AXIS2_PLACEMENT_3D('',#3389,#2738,#2739);
#2345=AXIS2_PLACEMENT_3D('',#3392,#2741,#2742);
#2346=AXIS2_PLACEMENT_3D('',#3394,#2744,#2745);
#2347=AXIS2_PLACEMENT_3D('',#3398,#2748,#2749);
#2348=AXIS2_PLACEMENT_3D('',#3402,#2752,#2753);
#2349=AXIS2_PLACEMENT_3D('',#3404,#2755,#2756);
#2350=AXIS2_PLACEMENT_3D('',#3405,#2757,#2758);
#2351=AXIS2_PLACEMENT_3D('',#3406,#2759,#2760);
#2352=AXIS2_PLACEMENT_3D('',#3408,#2762,#2763);
#2353=AXIS2_PLACEMENT_3D('',#3410,#2765,#2766);
#2354=AXIS2_PLACEMENT_3D('',#3411,#2767,#2768);
#2355=AXIS2_PLACEMENT_3D('',#3415,#2770,#2771);
#2356=AXIS2_PLACEMENT_3D('',#3417,#2773,#2774);
#2357=AXIS2_PLACEMENT_3D('',#3420,#2776,#2777);
#2358=AXIS2_PLACEMENT_3D('',#3422,#2778,#2779);
#2359=AXIS2_PLACEMENT_3D('',#3426,#2781,#2782);
#2360=AXIS2_PLACEMENT_3D('',#3428,#2784,#2785);
#2361=AXIS2_PLACEMENT_3D('',#3430,#2787,#2788);
#2362=AXIS2_PLACEMENT_3D('',#3431,#2789,#2790);
#2363=AXIS2_PLACEMENT_3D('',#3435,#2794,#2795);
#2364=AXIS2_PLACEMENT_3D('',#3437,#2797,#2798);
#2365=AXIS2_PLACEMENT_3D('',#3438,#2799,#2800);
#2366=AXIS2_PLACEMENT_3D('',#3439,#2801,#2802);
#2367=AXIS2_PLACEMENT_3D('',#3440,#2803,#2804);
#2368=AXIS2_PLACEMENT_3D('',#3449,#2809,#2810);
#2369=AXIS2_PLACEMENT_3D('',#3455,#2814,#2815);
#2370=AXIS2_PLACEMENT_3D('',#3461,#2819,#2820);
#2371=AXIS2_PLACEMENT_3D('',#3464,#2823,#2824);
#2372=AXIS2_PLACEMENT_3D('',#3473,#2829,#2830);
#2373=AXIS2_PLACEMENT_3D('',#3479,#2834,#2835);
#2374=AXIS2_PLACEMENT_3D('',#3488,#2840,#2841);
#2375=AXIS2_PLACEMENT_3D('',#3494,#2845,#2846);
#2376=AXIS2_PLACEMENT_3D('',#3497,#2847,#2848);
#2377=AXIS2_PLACEMENT_3D('',#3501,#2850,#2851);
#2378=AXIS2_PLACEMENT_3D('',#3503,#2853,#2854);
#2379=AXIS2_PLACEMENT_3D('',#3509,#2858,#2859);
#2380=AXIS2_PLACEMENT_3D('',#3518,#2864,#2865);
#2381=AXIS2_PLACEMENT_3D('',#3520,#2866,#2867);
#2382=AXIS2_PLACEMENT_3D('',#3522,#2868,#2869);
#2383=AXIS2_PLACEMENT_3D('',#3524,#2871,#2872);
#2384=AXIS2_PLACEMENT_3D('',#3530,#2876,#2877);
#2385=AXIS2_PLACEMENT_3D('',#3532,#2878,#2879);
#2386=AXIS2_PLACEMENT_3D('',#3534,#2880,#2881);
#2387=AXIS2_PLACEMENT_3D('',#3536,#2883,#2884);
#2388=AXIS2_PLACEMENT_3D('',#3539,#2885,#2886);
#2389=AXIS2_PLACEMENT_3D('',#3543,#2888,#2889);
#2390=AXIS2_PLACEMENT_3D('',#3545,#2891,#2892);
#2391=AXIS2_PLACEMENT_3D('',#3548,#2895,#2896);
#2392=AXIS2_PLACEMENT_3D('',#3554,#2900,#2901);
#2393=AXIS2_PLACEMENT_3D('',#3560,#2905,#2906);
#2394=AXIS2_PLACEMENT_3D('',#3568,#2911,#2912);
#2395=AXIS2_PLACEMENT_3D('',#3576,#2917,#2918);
#2396=AXIS2_PLACEMENT_3D('',#3579,#2921,#2922);
#2397=AXIS2_PLACEMENT_3D('',#3588,#2927,#2928);
#2398=AXIS2_PLACEMENT_3D('',#3593,#2932,#2933);
#2399=AXIS2_PLACEMENT_3D('',#3597,#2936,#2937);
#2400=AXIS2_PLACEMENT_3D('',#3600,#2940,#2941);
#2401=AXIS2_PLACEMENT_3D('',#3601,#2942,#2943);
#2402=AXIS2_PLACEMENT_3D('',#3603,#2945,#2946);
#2403=AXIS2_PLACEMENT_3D('',#3609,#2950,#2951);
#2404=AXIS2_PLACEMENT_3D('',#3613,#2954,#2955);
#2405=AXIS2_PLACEMENT_3D('',#3617,#2958,#2959);
#2406=AXIS2_PLACEMENT_3D('',#3622,#2961,#2962);
#2407=AXIS2_PLACEMENT_3D('',#3626,#2964,#2965);
#2408=AXIS2_PLACEMENT_3D('',#3630,#2967,#2968);
#2409=AXIS2_PLACEMENT_3D('',#3633,#2970,#2971);
#2410=AXIS2_PLACEMENT_3D('',#3634,#2972,#2973);
#2411=AXIS2_PLACEMENT_3D('',#3640,#2977,#2978);
#2412=AXIS2_PLACEMENT_3D('',#3646,#2982,#2983);
#2413=AXIS2_PLACEMENT_3D('',#3652,#2987,#2988);
#2414=AXIS2_PLACEMENT_3D('',#3656,#2991,#2992);
#2415=AXIS2_PLACEMENT_3D('',#3660,#2995,#2996);
#2416=AXIS2_PLACEMENT_3D('',#3666,#3000,#3001);
#2417=AXIS2_PLACEMENT_3D('',#3675,#3006,#3007);
#2418=AXIS2_PLACEMENT_3D('',#3676,#3008,#3009);
#2419=AXIS2_PLACEMENT_3D('',#3677,#3010,#3011);
#2420=AXIS2_PLACEMENT_3D('',#3678,#3012,#3013);
#2421=AXIS2_PLACEMENT_3D('',#3684,#3017,#3018);
#2422=AXIS2_PLACEMENT_3D('',#3686,#3019,#3020);
#2423=AXIS2_PLACEMENT_3D('',#3688,#3021,#3022);
#2424=AXIS2_PLACEMENT_3D('',#3690,#3024,#3025);
#2425=AXIS2_PLACEMENT_3D('',#3696,#3029,#3030);
#2426=AXIS2_PLACEMENT_3D('',#3697,#3031,#3032);
#2427=AXIS2_PLACEMENT_3D('',#3698,#3033,#3034);
#2428=AXIS2_PLACEMENT_3D('',#3699,#3035,#3036);
#2429=AXIS2_PLACEMENT_3D('',#3705,#3040,#3041);
#2430=AXIS2_PLACEMENT_3D('',#3706,#3042,#3043);
#2431=AXIS2_PLACEMENT_3D('',#3707,#3044,#3045);
#2432=AXIS2_PLACEMENT_3D('',#3708,#3046,#3047);
#2433=AXIS2_PLACEMENT_3D('',#3709,#3048,#3049);
#2434=AXIS2_PLACEMENT_3D('',#3715,#3053,#3054);
#2435=AXIS2_PLACEMENT_3D('',#3717,#3055,#3056);
#2436=AXIS2_PLACEMENT_3D('',#3719,#3058,#3059);
#2437=AXIS2_PLACEMENT_3D('',#3723,#3062,#3063);
#2438=AXIS2_PLACEMENT_3D('',#3725,#3064,#3065);
#2439=AXIS2_PLACEMENT_3D('',#3727,#3067,#3068);
#2440=AXIS2_PLACEMENT_3D('',#3731,#3071,#3072);
#2441=AXIS2_PLACEMENT_3D('',#3732,#3073,#3074);
#2442=AXIS2_PLACEMENT_3D('',#3733,#3075,#3076);
#2443=AXIS2_PLACEMENT_3D('',#3734,#3077,#3078);
#2444=AXIS2_PLACEMENT_3D('',#3735,#3079,#3080);
#2445=AXIS2_PLACEMENT_3D('',#3736,#3081,#3082);
#2446=AXIS2_PLACEMENT_3D('',#3737,#3083,#3084);
#2447=AXIS2_PLACEMENT_3D('',#3738,#3085,#3086);
#2448=DIRECTION('axis',(0.,0.,1.));
#2449=DIRECTION('refdir',(1.,0.,0.));
#2450=DIRECTION('axis',(0.,0.,1.));
#2451=DIRECTION('refdir',(1.,0.,0.));
#2452=DIRECTION('axis',(0.,0.,1.));
#2453=DIRECTION('refdir',(1.,0.,0.));
#2454=DIRECTION('center_axis',(0.,1.,0.));
#2455=DIRECTION('ref_axis',(-1.,0.,0.));
#2456=DIRECTION('center_axis',(0.,-1.,0.));
#2457=DIRECTION('ref_axis',(-1.,0.,0.));
#2458=DIRECTION('center_axis',(0.,-1.,0.));
#2459=DIRECTION('ref_axis',(-0.800238114789754,0.,0.59968238229728));
#2460=DIRECTION('center_axis',(0.,-1.,0.));
#2461=DIRECTION('ref_axis',(-0.800238114789754,0.,0.59968238229728));
#2462=DIRECTION('center_axis',(0.,1.,0.));
#2463=DIRECTION('ref_axis',(-0.800238114789754,0.,0.59968238229728));
#2464=DIRECTION('center_axis',(0.,1.,0.));
#2465=DIRECTION('ref_axis',(-1.,0.,-1.70109800880898E-16));
#2466=DIRECTION('',(0.,1.,0.));
#2467=DIRECTION('center_axis',(0.,1.,0.));
#2468=DIRECTION('ref_axis',(0.800238114789754,0.,-0.59968238229728));
#2469=DIRECTION('',(0.,1.,0.));
#2470=DIRECTION('center_axis',(0.,-1.,0.));
#2471=DIRECTION('ref_axis',(-1.,0.,0.));
#2472=DIRECTION('center_axis',(0.,1.,0.));
#2473=DIRECTION('ref_axis',(-1.,0.,0.));
#2474=DIRECTION('',(-0.707106781186548,0.707106781186547,-8.65956056235494E-17));
#2475=DIRECTION('center_axis',(0.,-1.,0.));
#2476=DIRECTION('ref_axis',(-1.,0.,0.));
#2477=DIRECTION('center_axis',(0.,1.,0.));
#2478=DIRECTION('ref_axis',(1.,0.,0.));
#2479=DIRECTION('',(0.,0.,1.));
#2480=DIRECTION('center_axis',(0.,1.,0.));
#2481=DIRECTION('ref_axis',(-0.800238114789753,0.,0.599682382297281));
#2482=DIRECTION('',(-1.,0.,0.));
#2483=DIRECTION('center_axis',(0.,1.,0.));
#2484=DIRECTION('ref_axis',(-1.,0.,0.));
#2485=DIRECTION('center_axis',(0.,1.,0.));
#2486=DIRECTION('ref_axis',(-1.,0.,0.));
#2487=DIRECTION('',(-1.,0.,0.));
#2488=DIRECTION('center_axis',(0.,-1.,0.));
#2489=DIRECTION('ref_axis',(-0.707106781186547,0.,-0.707106781186547));
#2490=DIRECTION('',(-7.70371977754894E-34,0.,1.));
#2491=DIRECTION('center_axis',(0.,1.,0.));
#2492=DIRECTION('ref_axis',(-0.707106781186548,0.,0.707106781186547));
#2493=DIRECTION('',(1.,0.,3.18653863525888E-32));
#2494=DIRECTION('center_axis',(0.,1.,0.));
#2495=DIRECTION('ref_axis',(0.707106781186549,0.,0.707106781186546));
#2496=DIRECTION('',(0.,0.,-1.));
#2497=DIRECTION('center_axis',(0.,1.,0.));
#2498=DIRECTION('ref_axis',(0.707106781186546,0.,-0.707106781186549));
#2499=DIRECTION('',(-1.,0.,0.));
#2500=DIRECTION('center_axis',(0.,1.,0.));
#2501=DIRECTION('ref_axis',(-0.800238114789753,0.,0.599682382297281));
#2502=DIRECTION('',(1.26628491142462E-16,0.,1.));
#2503=DIRECTION('center_axis',(0.,1.,0.));
#2504=DIRECTION('ref_axis',(-1.,0.,0.));
#2505=DIRECTION('center_axis',(0.,1.,0.));
#2506=DIRECTION('ref_axis',(-1.,0.,0.));
#2507=DIRECTION('center_axis',(0.,1.,0.));
#2508=DIRECTION('ref_axis',(-1.,0.,0.));
#2509=DIRECTION('',(0.,-1.,0.));
#2510=DIRECTION('center_axis',(0.,-1.,0.));
#2511=DIRECTION('ref_axis',(-1.,0.,0.));
#2512=DIRECTION('',(-0.707106781186548,0.707106781186548,-8.65956056235493E-17));
#2513=DIRECTION('center_axis',(0.,-1.,0.));
#2514=DIRECTION('ref_axis',(-1.,0.,0.));
#2515=DIRECTION('center_axis',(0.,1.,0.));
#2516=DIRECTION('ref_axis',(-1.,0.,0.));
#2517=DIRECTION('',(0.,-1.,0.));
#2518=DIRECTION('center_axis',(0.,-1.,0.));
#2519=DIRECTION('ref_axis',(-0.800238114789753,0.,0.599682382297281));
#2520=DIRECTION('center_axis',(0.,-1.,0.));
#2521=DIRECTION('ref_axis',(-0.800238114789753,0.,0.599682382297281));
#2522=DIRECTION('center_axis',(0.,1.,0.));
#2523=DIRECTION('ref_axis',(-1.,0.,-2.26813067841198E-16));
#2524=DIRECTION('',(0.,1.,0.));
#2525=DIRECTION('center_axis',(0.,1.,0.));
#2526=DIRECTION('ref_axis',(0.800238114789753,0.,-0.599682382297281));
#2527=DIRECTION('',(0.,1.,0.));
#2528=DIRECTION('center_axis',(0.,-1.,0.));
#2529=DIRECTION('ref_axis',(-1.,0.,0.));
#2530=DIRECTION('',(-0.707106781186548,0.707106781186547,-8.65956056235494E-17));
#2531=DIRECTION('center_axis',(0.,-1.,0.));
#2532=DIRECTION('ref_axis',(-1.,0.,0.));
#2533=DIRECTION('center_axis',(0.,0.,-1.));
#2534=DIRECTION('ref_axis',(-1.,0.,0.));
#2535=DIRECTION('',(0.,1.,0.));
#2536=DIRECTION('',(1.,0.,0.));
#2537=DIRECTION('',(0.,-1.,0.));
#2538=DIRECTION('center_axis',(0.,1.,0.));
#2539=DIRECTION('ref_axis',(-1.,0.,0.));
#2540=DIRECTION('center_axis',(0.,1.,0.));
#2541=DIRECTION('ref_axis',(-1.,0.,0.));
#2542=DIRECTION('',(0.,-1.,0.));
#2543=DIRECTION('center_axis',(-1.,0.,0.));
#2544=DIRECTION('ref_axis',(0.,0.,1.));
#2545=DIRECTION('center_axis',(1.,0.,0.));
#2546=DIRECTION('ref_axis',(0.,0.,1.));
#2547=DIRECTION('center_axis',(0.,-1.,0.));
#2548=DIRECTION('ref_axis',(0.,0.,-1.));
#2549=DIRECTION('center_axis',(1.,0.,7.70371977754894E-34));
#2550=DIRECTION('ref_axis',(0.,0.,1.));
#2551=DIRECTION('center_axis',(-1.,0.,0.));
#2552=DIRECTION('ref_axis',(0.,0.,1.));
#2553=DIRECTION('center_axis',(1.,0.,0.));
#2554=DIRECTION('ref_axis',(0.,0.,1.));
#2555=DIRECTION('center_axis',(1.,0.,0.));
#2556=DIRECTION('ref_axis',(0.,0.,1.));
#2557=DIRECTION('',(1.,0.,0.));
#2558=DIRECTION('center_axis',(-1.,0.,-7.70371977754894E-34));
#2559=DIRECTION('ref_axis',(0.,0.,1.));
#2560=DIRECTION('center_axis',(0.,1.,0.));
#2561=DIRECTION('ref_axis',(-1.,0.,0.));
#2562=DIRECTION('center_axis',(0.,-1.,0.));
#2563=DIRECTION('ref_axis',(-1.,0.,0.));
#2564=DIRECTION('',(0.,-1.,0.));
#2565=DIRECTION('center_axis',(0.,1.,0.));
#2566=DIRECTION('ref_axis',(-1.,0.,0.));
#2567=DIRECTION('center_axis',(0.,1.,0.));
#2568=DIRECTION('ref_axis',(-1.,0.,0.));
#2569=DIRECTION('center_axis',(0.,1.,0.));
#2570=DIRECTION('ref_axis',(-1.,0.,0.));
#2571=DIRECTION('center_axis',(0.,-1.,0.));
#2572=DIRECTION('ref_axis',(-1.,0.,0.));
#2573=DIRECTION('',(0.,-1.,0.));
#2574=DIRECTION('center_axis',(0.,1.,0.));
#2575=DIRECTION('ref_axis',(-1.,0.,0.));
#2576=DIRECTION('center_axis',(0.,1.,0.));
#2577=DIRECTION('ref_axis',(-1.,0.,0.));
#2578=DIRECTION('center_axis',(0.,1.,0.));
#2579=DIRECTION('ref_axis',(1.,0.,0.));
#2580=DIRECTION('center_axis',(0.,1.,0.));
#2581=DIRECTION('ref_axis',(-1.,0.,0.));
#2582=DIRECTION('center_axis',(0.,-1.,0.));
#2583=DIRECTION('ref_axis',(-1.,0.,0.));
#2584=DIRECTION('',(0.,-1.,0.));
#2585=DIRECTION('center_axis',(0.,1.,0.));
#2586=DIRECTION('ref_axis',(-1.,0.,0.));
#2587=DIRECTION('center_axis',(1.,0.,-1.26628491142462E-16));
#2588=DIRECTION('ref_axis',(-1.26628491142462E-16,0.,-1.));
#2589=DIRECTION('',(-1.26628491142462E-16,0.,-1.));
#2590=DIRECTION('center_axis',(0.,1.,0.));
#2591=DIRECTION('ref_axis',(-1.,0.,0.));
#2592=DIRECTION('center_axis',(0.,1.,0.));
#2593=DIRECTION('ref_axis',(1.,0.,0.));
#2594=DIRECTION('center_axis',(0.,1.,0.));
#2595=DIRECTION('ref_axis',(-1.,0.,0.));
#2596=DIRECTION('center_axis',(0.,-1.,0.));
#2597=DIRECTION('ref_axis',(-1.,0.,0.));
#2598=DIRECTION('',(0.,-1.,0.));
#2599=DIRECTION('center_axis',(0.,1.,0.));
#2600=DIRECTION('ref_axis',(-1.,0.,0.));
#2601=DIRECTION('center_axis',(1.,0.,0.));
#2602=DIRECTION('ref_axis',(0.,0.,-1.));
#2603=DIRECTION('',(0.,0.,-1.));
#2604=DIRECTION('center_axis',(0.,1.,0.));
#2605=DIRECTION('ref_axis',(-1.,0.,0.));
#2606=DIRECTION('center_axis',(0.,1.,0.));
#2607=DIRECTION('ref_axis',(1.,0.,0.));
#2608=DIRECTION('center_axis',(-3.18653863525888E-32,0.,1.));
#2609=DIRECTION('ref_axis',(1.,0.,3.18653863525888E-32));
#2610=DIRECTION('',(0.,1.,0.));
#2611=DIRECTION('',(1.,0.,3.18653863525888E-32));
#2612=DIRECTION('',(0.,1.,0.));
#2613=DIRECTION('',(-1.,0.,-3.18653863525888E-32));
#2614=DIRECTION('',(0.,1.,0.));
#2615=DIRECTION('',(-1.,0.,-3.18653863525888E-32));
#2616=DIRECTION('',(0.,-1.,0.));
#2617=DIRECTION('center_axis',(0.,1.,0.));
#2618=DIRECTION('ref_axis',(-0.707106781186548,0.,0.707106781186547));
#2619=DIRECTION('',(0.,-1.,0.));
#2620=DIRECTION('center_axis',(0.,-1.,0.));
#2621=DIRECTION('ref_axis',(-0.707106781186548,0.,0.707106781186547));
#2622=DIRECTION('',(0.,1.,0.));
#2623=DIRECTION('center_axis',(-1.,0.,-7.70371977754894E-34));
#2624=DIRECTION('ref_axis',(-7.70371977754894E-34,0.,1.));
#2625=DIRECTION('',(0.,1.,0.));
#2626=DIRECTION('',(7.70371977754894E-34,0.,-1.));
#2627=DIRECTION('',(0.,-1.,0.));
#2628=DIRECTION('',(-7.70371977754894E-34,-4.44089209850063E-16,1.));
#2629=DIRECTION('',(0.,1.,0.));
#2630=DIRECTION('',(7.70371977754894E-34,0.,-1.));
#2631=DIRECTION('center_axis',(0.,1.,0.));
#2632=DIRECTION('ref_axis',(-0.707106781186547,0.,-0.707106781186547));
#2633=DIRECTION('center_axis',(0.,-1.,0.));
#2634=DIRECTION('ref_axis',(-0.707106781186547,0.,-0.707106781186547));
#2635=DIRECTION('center_axis',(-1.,0.,0.));
#2636=DIRECTION('ref_axis',(0.,0.707106781186546,0.707106781186549));
#2637=DIRECTION('',(1.,0.,3.18653863525888E-32));
#2638=DIRECTION('center_axis',(1.,0.,0.));
#2639=DIRECTION('ref_axis',(0.,0.707106781186546,0.707106781186549));
#2640=DIRECTION('',(1.,0.,0.));
#2641=DIRECTION('center_axis',(-0.70710646508511,0.707107097287844,-1.25607340543807E-14));
#2642=DIRECTION('ref_axis',(0.707107097287844,0.70710646508511,-1.25607228242142E-14));
#2643=DIRECTION('center_axis',(-8.94068872269924E-7,0.9999999999996,0.));
#2644=DIRECTION('ref_axis',(0.707106781186261,6.32202162430129E-7,0.707106781186552));
#2645=DIRECTION('center_axis',(8.94068872270277E-7,-0.9999999999996,0.));
#2646=DIRECTION('ref_axis',(0.9999999999996,8.94068872270277E-7,-1.43883324461922E-46));
#2647=DIRECTION('',(8.94068872269924E-7,-0.9999999999996,0.));
#2648=DIRECTION('center_axis',(0.707106781186829,0.707106781186266,0.));
#2649=DIRECTION('ref_axis',(0.707106781186266,-0.707106781186829,0.));
#2650=DIRECTION('',(8.94068872269924E-7,-0.9999999999996,2.84898500407045E-38));
#2651=DIRECTION('center_axis',(1.,0.,0.));
#2652=DIRECTION('ref_axis',(0.,-0.707106781186549,0.707106781186546));
#2653=DIRECTION('center_axis',(-1.,0.,0.));
#2654=DIRECTION('ref_axis',(0.,-1.,-1.43883324461923E-46));
#2655=DIRECTION('',(-1.,0.,0.));
#2656=DIRECTION('center_axis',(1.,0.,0.));
#2657=DIRECTION('ref_axis',(0.,-0.707106781186549,0.707106781186546));
#2658=DIRECTION('',(-1.,0.,-3.18653863525888E-32));
#2659=DIRECTION('center_axis',(0.9999999999996,-8.94069671630505E-7,0.));
#2660=DIRECTION('ref_axis',(-6.32202727663412E-7,-0.707106781186264,0.707106781186549));
#2661=DIRECTION('',(-0.9999999999996,8.94069671630505E-7,0.));
#2662=DIRECTION('',(-0.9999999999996,8.94069671630505E-7,-3.18653863525761E-32));
#2663=DIRECTION('center_axis',(0.,1.,0.));
#2664=DIRECTION('ref_axis',(0.70710678118654,0.,0.707106781186555));
#2665=DIRECTION('center_axis',(0.,-1.,0.));
#2666=DIRECTION('ref_axis',(1.,0.,-1.43883324461924E-46));
#2667=DIRECTION('',(0.,-1.,0.));
#2668=DIRECTION('',(0.,-1.,0.));
#2669=DIRECTION('center_axis',(8.94069671630501E-7,0.9999999999996,0.));
#2670=DIRECTION('ref_axis',(0.707106781186273,-6.32202727663403E-7,0.707106781186539));
#2671=DIRECTION('',(-8.94069671630501E-7,-0.9999999999996,0.));
#2672=DIRECTION('',(-8.94069671630501E-7,-0.9999999999996,-2.84898755126381E-38));
#2673=DIRECTION('center_axis',(-1.,0.,0.));
#2674=DIRECTION('ref_axis',(0.,-1.,0.));
#2675=DIRECTION('',(0.,1.,0.));
#2676=DIRECTION('',(0.,0.,1.));
#2677=DIRECTION('',(0.,-1.,0.));
#2678=DIRECTION('center_axis',(-1.,0.,0.));
#2679=DIRECTION('ref_axis',(0.,-1.,7.19416622309616E-48));
#2680=DIRECTION('',(0.,-1.,7.19416622309616E-48));
#2681=DIRECTION('',(0.,0.,1.));
#2682=DIRECTION('',(0.,1.,0.));
#2683=DIRECTION('center_axis',(0.,0.,1.));
#2684=DIRECTION('ref_axis',(1.,0.,0.));
#2685=DIRECTION('',(1.,0.,0.));
#2686=DIRECTION('',(0.,-1.,0.));
#2687=DIRECTION('',(-1.,0.,0.));
#2688=DIRECTION('center_axis',(0.,-1.,0.));
#2689=DIRECTION('ref_axis',(-1.,0.,0.));
#2690=DIRECTION('',(0.,0.,-1.));
#2691=DIRECTION('',(0.,0.,-1.));
#2692=DIRECTION('center_axis',(1.,0.,0.));
#2693=DIRECTION('ref_axis',(0.,-1.,0.));
#2694=DIRECTION('',(0.,0.,1.));
#2695=DIRECTION('center_axis',(0.,1.,0.));
#2696=DIRECTION('ref_axis',(1.,0.,0.));
#2697=DIRECTION('',(0.,0.,-1.));
#2698=DIRECTION('center_axis',(-1.,1.66533453693773E-16,0.));
#2699=DIRECTION('ref_axis',(1.66533453693773E-16,1.,0.));
#2700=DIRECTION('',(0.,1.,0.));
#2701=DIRECTION('center_axis',(0.707106781186547,0.,-0.707106781186548));
#2702=DIRECTION('ref_axis',(0.,-1.,0.));
#2703=DIRECTION('',(-0.577350269189626,0.577350269189626,-0.577350269189626));
#2704=DIRECTION('',(0.,-1.,0.));
#2705=DIRECTION('',(-0.577350269189622,-0.577350269189633,-0.577350269189622));
#2706=DIRECTION('center_axis',(0.707106781186554,-0.707106781186541,-7.85046229341881E-17));
#2707=DIRECTION('ref_axis',(3.38963670212154E-33,-1.11022302462516E-16,
1.));
#2708=DIRECTION('',(-0.577350269189622,-0.577350269189633,0.577350269189622));
#2709=DIRECTION('',(-1.66533453693772E-16,-2.77555756156291E-16,1.));
#2710=DIRECTION('',(0.,0.,1.));
#2711=DIRECTION('center_axis',(0.707106781186547,0.,0.707106781186548));
#2712=DIRECTION('ref_axis',(0.,1.,0.));
#2713=DIRECTION('',(0.,1.,0.));
#2714=DIRECTION('',(-0.577350269189626,0.577350269189626,0.577350269189626));
#2715=DIRECTION('center_axis',(0.707106781186548,0.707106781186547,3.14018491736755E-16));
#2716=DIRECTION('ref_axis',(-3.38963670212154E-33,4.44089209850063E-16,
-1.));
#2717=DIRECTION('',(0.,4.44089209850063E-16,-1.));
#2718=DIRECTION('center_axis',(1.,0.,0.));
#2719=DIRECTION('ref_axis',(0.,0.,-1.));
#2720=DIRECTION('',(0.,0.,-1.));
#2721=DIRECTION('',(0.,1.,0.));
#2722=DIRECTION('',(0.,0.,-1.));
#2723=DIRECTION('',(0.,-1.,0.));
#2724=DIRECTION('center_axis',(0.,1.,0.));
#2725=DIRECTION('ref_axis',(0.,0.,1.));
#2726=DIRECTION('center_axis',(0.,-1.,0.));
#2727=DIRECTION('ref_axis',(0.707106781186546,0.,-0.707106781186549));
#2728=DIRECTION('',(-1.,0.,0.));
#2729=DIRECTION('center_axis',(0.,-1.,0.));
#2730=DIRECTION('ref_axis',(-0.707106781186548,0.,-0.707106781186548));
#2731=DIRECTION('',(-7.70371977754894E-34,0.,1.));
#2732=DIRECTION('center_axis',(0.,-1.,0.));
#2733=DIRECTION('ref_axis',(-0.707106781186548,0.,0.707106781186547));
#2734=DIRECTION('',(1.,0.,3.18653863525888E-32));
#2735=DIRECTION('center_axis',(0.,-1.,0.));
#2736=DIRECTION('ref_axis',(0.707106781186549,0.,0.707106781186546));
#2737=DIRECTION('',(0.,0.,1.));
#2738=DIRECTION('center_axis',(0.,-1.,0.));
#2739=DIRECTION('ref_axis',(0.707106781186549,0.,0.707106781186546));
#2740=DIRECTION('',(7.70371977754894E-34,0.,-1.));
#2741=DIRECTION('center_axis',(0.,-1.,0.));
#2742=DIRECTION('ref_axis',(0.707106781186546,0.,-0.707106781186549));
#2743=DIRECTION('',(0.,0.,1.));
#2744=DIRECTION('center_axis',(0.707106781186547,0.,0.707106781186548));
#2745=DIRECTION('ref_axis',(0.,-1.,0.));
#2746=DIRECTION('',(0.577350269189626,0.577350269189626,-0.577350269189626));
#2747=DIRECTION('',(0.577350269189622,-0.577350269189633,-0.577350269189622));
#2748=DIRECTION('center_axis',(0.707106781186554,0.707106781186541,7.85046229341881E-17));
#2749=DIRECTION('ref_axis',(-4.93038065763132E-33,-1.11022302462516E-16,
1.));
#2750=DIRECTION('',(0.577350269189622,-0.577350269189633,0.577350269189622));
#2751=DIRECTION('',(1.66533453693772E-16,-2.77555756156291E-16,1.));
#2752=DIRECTION('center_axis',(0.707106781186547,0.,-0.707106781186548));
#2753=DIRECTION('ref_axis',(0.,1.,0.));
#2754=DIRECTION('',(0.577350269189626,0.577350269189626,0.577350269189626));
#2755=DIRECTION('center_axis',(0.707106781186548,-0.707106781186547,-3.14018491736755E-16));
#2756=DIRECTION('ref_axis',(4.93038065763132E-33,4.44089209850063E-16,-1.));
#2757=DIRECTION('center_axis',(0.,1.,0.));
#2758=DIRECTION('ref_axis',(1.,0.,0.));
#2759=DIRECTION('center_axis',(0.,1.,0.));
#2760=DIRECTION('ref_axis',(0.707106781186546,0.,-0.707106781186549));
#2761=DIRECTION('',(0.,-1.,0.));
#2762=DIRECTION('center_axis',(0.,1.,0.));
#2763=DIRECTION('ref_axis',(0.707106781186549,0.,0.707106781186546));
#2764=DIRECTION('',(0.,1.,0.));
#2765=DIRECTION('center_axis',(1.,0.,0.));
#2766=DIRECTION('ref_axis',(0.,0.,-1.));
#2767=DIRECTION('center_axis',(0.,1.,0.));
#2768=DIRECTION('ref_axis',(-0.707106781186548,0.,-0.707106781186548));
#2769=DIRECTION('',(0.,-1.,0.));
#2770=DIRECTION('center_axis',(0.,1.,0.));
#2771=DIRECTION('ref_axis',(-0.707106781186548,0.,-0.707106781186548));
#2772=DIRECTION('',(0.,1.,0.));
#2773=DIRECTION('center_axis',(0.,1.,0.));
#2774=DIRECTION('ref_axis',(1.,0.,0.));
#2775=DIRECTION('',(-1.,0.,0.));
#2776=DIRECTION('center_axis',(0.,1.,0.));
#2777=DIRECTION('ref_axis',(0.707106781186546,0.,-0.707106781186549));
#2778=DIRECTION('center_axis',(0.,1.,0.));
#2779=DIRECTION('ref_axis',(0.707106781186549,0.,0.707106781186546));
#2780=DIRECTION('',(1.,0.,3.18653863525888E-32));
#2781=DIRECTION('center_axis',(0.,1.,0.));
#2782=DIRECTION('ref_axis',(-0.707106781186548,0.,0.707106781186547));
#2783=DIRECTION('',(-7.70371977754894E-34,0.,1.));
#2784=DIRECTION('center_axis',(0.,0.,-1.));
#2785=DIRECTION('ref_axis',(-1.,0.,0.));
#2786=DIRECTION('',(0.,1.,0.));
#2787=DIRECTION('center_axis',(0.,1.,0.));
#2788=DIRECTION('ref_axis',(0.707106781186546,0.,-0.707106781186549));
#2789=DIRECTION('center_axis',(0.,1.,0.));
#2790=DIRECTION('ref_axis',(-0.707106781186548,0.,0.707106781186547));
#2791=DIRECTION('',(0.,-1.,0.));
#2792=DIRECTION('',(0.,1.,0.));
#2793=DIRECTION('',(0.,1.,0.));
#2794=DIRECTION('center_axis',(-3.18653863525888E-32,0.,1.));
#2795=DIRECTION('ref_axis',(1.,0.,3.18653863525888E-32));
#2796=DIRECTION('',(0.,-1.,0.));
#2797=DIRECTION('center_axis',(0.,1.,0.));
#2798=DIRECTION('ref_axis',(0.707106781186549,0.,0.707106781186546));
#2799=DIRECTION('center_axis',(-1.,0.,-7.70371977754894E-34));
#2800=DIRECTION('ref_axis',(-7.70371977754894E-34,0.,1.));
#2801=DIRECTION('axis',(0.,0.,1.));
#2802=DIRECTION('refdir',(1.,0.,0.));
#2803=DIRECTION('center_axis',(0.,0.,-1.));
#2804=DIRECTION('ref_axis',(-1.,0.,0.));
#2805=DIRECTION('',(1.,0.,0.));
#2806=DIRECTION('',(0.,1.,0.));
#2807=DIRECTION('',(-1.,0.,0.));
#2808=DIRECTION('',(0.,1.,0.));
#2809=DIRECTION('center_axis',(1.,0.,0.));
#2810=DIRECTION('ref_axis',(0.,0.,-1.));
#2811=DIRECTION('',(0.,0.,1.));
#2812=DIRECTION('',(0.,0.,-1.));
#2813=DIRECTION('',(0.,1.,0.));
#2814=DIRECTION('center_axis',(0.,0.,1.));
#2815=DIRECTION('ref_axis',(1.,0.,0.));
#2816=DIRECTION('',(-1.,0.,0.));
#2817=DIRECTION('',(1.,0.,0.));
#2818=DIRECTION('',(0.,1.,0.));
#2819=DIRECTION('center_axis',(-1.,0.,0.));
#2820=DIRECTION('ref_axis',(0.,0.,1.));
#2821=DIRECTION('',(0.,0.,-1.));
#2822=DIRECTION('',(0.,0.,1.));
#2823=DIRECTION('center_axis',(0.923879532511288,-0.382683432365086,3.28370405317357E-16));
#2824=DIRECTION('ref_axis',(3.55425565522359E-16,0.,-1.));
#2825=DIRECTION('',(0.35740674433659,0.86285620946102,0.35740674433659));
#2826=DIRECTION('',(3.55425565522359E-16,0.,-1.));
#2827=DIRECTION('',(-0.35740674433659,-0.862856209461019,0.35740674433659));
#2828=DIRECTION('',(-3.55425565522359E-16,0.,1.));
#2829=DIRECTION('center_axis',(0.707106781186548,0.707106781186547,2.51323827587924E-16));
#2830=DIRECTION('ref_axis',(-8.86636443277035E-17,4.44089209850063E-16,
-1.));
#2831=DIRECTION('',(-0.577350269189626,0.577350269189626,0.577350269189626));
#2832=DIRECTION('',(7.7869809366068E-17,2.77555756156291E-16,-1.));
#2833=DIRECTION('',(-0.577350269189626,0.577350269189626,-0.577350269189626));
#2834=DIRECTION('center_axis',(-0.923879532511291,-0.382683432365081,3.28370405317358E-16));
#2835=DIRECTION('ref_axis',(3.55425565522359E-16,0.,1.));
#2836=DIRECTION('',(-0.357406744336586,0.862856209461023,-0.357406744336586));
#2837=DIRECTION('',(3.55425565522359E-16,0.,1.));
#2838=DIRECTION('',(0.357406744336586,-0.862856209461023,-0.357406744336586));
#2839=DIRECTION('',(-3.55425565522359E-16,0.,-1.));
#2840=DIRECTION('center_axis',(0.707106781186548,-0.707106781186547,-2.51323827587924E-16));
#2841=DIRECTION('ref_axis',(8.86636443277035E-17,4.44089209850063E-16,-1.));
#2842=DIRECTION('',(0.577350269189626,0.577350269189626,-0.577350269189626));
#2843=DIRECTION('',(-7.7869809366068E-17,2.77555756156291E-16,-1.));
#2844=DIRECTION('',(0.577350269189626,0.577350269189626,0.577350269189626));
#2845=DIRECTION('center_axis',(0.,-1.,0.));
#2846=DIRECTION('ref_axis',(0.,0.,-1.));
#2847=DIRECTION('center_axis',(0.,1.,0.));
#2848=DIRECTION('ref_axis',(0.,0.,-1.));
#2849=DIRECTION('',(0.,-1.,0.));
#2850=DIRECTION('center_axis',(0.,1.,0.));
#2851=DIRECTION('ref_axis',(0.,0.,-1.));
#2852=DIRECTION('',(0.,-1.,0.));
#2853=DIRECTION('center_axis',(1.,0.,2.46716227694479E-16));
#2854=DIRECTION('ref_axis',(-2.46716227694479E-16,0.,1.));
#2855=DIRECTION('',(2.46716227694479E-16,0.,-1.));
#2856=DIRECTION('',(2.46716227694479E-16,0.,-1.));
#2857=DIRECTION('',(0.,-1.,0.));
#2858=DIRECTION('center_axis',(1.,0.,2.46716227694479E-16));
#2859=DIRECTION('ref_axis',(-2.46716227694479E-16,0.,1.));
#2860=DIRECTION('',(2.46716227694479E-16,0.,-1.));
#2861=DIRECTION('',(0.,1.,0.));
#2862=DIRECTION('',(2.46716227694479E-16,0.,-1.));
#2863=DIRECTION('',(0.,-1.,0.));
#2864=DIRECTION('center_axis',(0.,-1.,0.));
#2865=DIRECTION('ref_axis',(1.,0.,4.34435096592452E-15));
#2866=DIRECTION('center_axis',(0.,1.,0.));
#2867=DIRECTION('ref_axis',(1.,0.,4.34435096592452E-15));
#2868=DIRECTION('center_axis',(0.,1.,0.));
#2869=DIRECTION('ref_axis',(1.,0.,4.34435096592452E-15));
#2870=DIRECTION('',(0.,-1.,0.));
#2871=DIRECTION('center_axis',(2.70616862252382E-16,0.,1.));
#2872=DIRECTION('ref_axis',(-1.,0.,2.70616862252382E-16));
#2873=DIRECTION('',(1.,0.,-2.70616862252382E-16));
#2874=DIRECTION('',(1.,0.,-2.70616862252382E-16));
#2875=DIRECTION('',(0.,-1.,0.));
#2876=DIRECTION('center_axis',(0.,-1.,0.));
#2877=DIRECTION('ref_axis',(1.93082265152201E-15,0.,1.));
#2878=DIRECTION('center_axis',(0.,1.,0.));
#2879=DIRECTION('ref_axis',(1.93082265152201E-15,0.,1.));
#2880=DIRECTION('center_axis',(0.,1.,0.));
#2881=DIRECTION('ref_axis',(1.93082265152201E-15,0.,1.));
#2882=DIRECTION('',(0.,-1.,0.));
#2883=DIRECTION('center_axis',(0.,-1.,0.));
#2884=DIRECTION('ref_axis',(-1.,0.,0.));
#2885=DIRECTION('center_axis',(0.,1.,0.));
#2886=DIRECTION('ref_axis',(-1.,0.,0.));
#2887=DIRECTION('',(0.,-1.,0.));
#2888=DIRECTION('center_axis',(0.,1.,0.));
#2889=DIRECTION('ref_axis',(-1.,0.,0.));
#2890=DIRECTION('',(0.,-1.,0.));
#2891=DIRECTION('center_axis',(2.22044604925031E-16,0.,-1.));
#2892=DIRECTION('ref_axis',(1.,0.,2.22044604925031E-16));
#2893=DIRECTION('',(-1.,0.,-2.22044604925031E-16));
#2894=DIRECTION('',(-1.,0.,-2.22044604925031E-16));
#2895=DIRECTION('center_axis',(-1.,0.,-8.86636443277035E-17));
#2896=DIRECTION('ref_axis',(8.86636443277035E-17,0.,-1.));
#2897=DIRECTION('',(-8.86636443277035E-17,0.,1.));
#2898=DIRECTION('',(-8.86636443277035E-17,0.,1.));
#2899=DIRECTION('',(0.,-1.,0.));
#2900=DIRECTION('center_axis',(-1.,0.,-8.86636443277035E-17));
#2901=DIRECTION('ref_axis',(8.86636443277035E-17,0.,-1.));
#2902=DIRECTION('',(-8.86636443277035E-17,0.,1.));
#2903=DIRECTION('',(0.,1.,0.));
#2904=DIRECTION('',(-8.86636443277035E-17,0.,1.));
#2905=DIRECTION('center_axis',(0.707106781186547,0.,0.707106781186548));
#2906=DIRECTION('ref_axis',(0.,-1.,0.));
#2907=DIRECTION('',(-0.707106781186548,0.,0.707106781186547));
#2908=DIRECTION('',(-0.707106781186548,0.,0.707106781186547));
#2909=DIRECTION('',(-0.577350269189626,-0.577350269189626,0.577350269189626));
#2910=DIRECTION('',(0.577350269189621,-0.577350269189635,-0.577350269189621));
#2911=DIRECTION('center_axis',(0.707106781186547,0.,-0.707106781186548));
#2912=DIRECTION('ref_axis',(0.,1.,0.));
#2913=DIRECTION('',(0.707106781186548,0.,0.707106781186547));
#2914=DIRECTION('',(-0.577350269189621,0.577350269189635,-0.577350269189621));
#2915=DIRECTION('',(-0.577350269189626,-0.577350269189626,-0.577350269189626));
#2916=DIRECTION('',(0.707106781186548,0.,0.707106781186547));
#2917=DIRECTION('center_axis',(0.707106781186556,0.707106781186539,1.4119928708302E-16));
#2918=DIRECTION('ref_axis',(-8.86636443277035E-17,-1.11022302462516E-16,
1.));
#2919=DIRECTION('',(-1.99685946790217E-16,0.,1.));
#2920=DIRECTION('',(-7.7869809366068E-17,2.77555756156291E-16,-1.));
#2921=DIRECTION('center_axis',(0.707106781186556,-0.707106781186539,-1.4119928708302E-16));
#2922=DIRECTION('ref_axis',(8.86636443277035E-17,-1.11022302462516E-16,
1.));
#2923=DIRECTION('',(1.99685946790217E-16,0.,1.));
#2924=DIRECTION('',(-0.577350269189621,-0.577350269189635,0.577350269189621));
#2925=DIRECTION('',(-7.7869809366068E-17,-2.77555756156291E-16,1.));
#2926=DIRECTION('',(0.577350269189621,0.577350269189635,0.577350269189621));
#2927=DIRECTION('center_axis',(0.707106781186547,0.,0.707106781186548));
#2928=DIRECTION('ref_axis',(0.,1.,0.));
#2929=DIRECTION('',(-0.707106781186548,0.,0.707106781186547));
#2930=DIRECTION('',(0.707106781186548,0.,-0.707106781186547));
#2931=DIRECTION('',(-0.577350269189626,0.577350269189626,0.577350269189626));
#2932=DIRECTION('center_axis',(0.707106781186548,0.707106781186547,2.51323827587924E-16));
#2933=DIRECTION('ref_axis',(-8.86636443277035E-17,4.44089209850063E-16,
-1.));
#2934=DIRECTION('',(-0.577350269189626,0.577350269189626,-0.577350269189626));
#2935=DIRECTION('',(3.55425565522359E-16,0.,-1.));
#2936=DIRECTION('center_axis',(0.707106781186547,0.,-0.707106781186548));
#2937=DIRECTION('ref_axis',(0.,-1.,0.));
#2938=DIRECTION('',(0.707106781186548,0.,0.707106781186547));
#2939=DIRECTION('',(-0.707106781186548,0.,-0.707106781186547));
#2940=DIRECTION('center_axis',(0.,1.,0.));
#2941=DIRECTION('ref_axis',(-1.,0.,0.));
#2942=DIRECTION('center_axis',(0.707106781186548,-0.707106781186547,-2.51323827587924E-16));
#2943=DIRECTION('ref_axis',(8.86636443277035E-17,4.44089209850063E-16,-1.));
#2944=DIRECTION('',(3.55425565522359E-16,0.,1.));
#2945=DIRECTION('center_axis',(0.707106781186556,-0.707106781186539,-1.4119928708302E-16));
#2946=DIRECTION('ref_axis',(8.86636443277035E-17,-1.11022302462516E-16,
1.));
#2947=DIRECTION('',(-0.577350269189621,-0.577350269189635,0.577350269189621));
#2948=DIRECTION('',(2.46716227694479E-16,0.,-1.));
#2949=DIRECTION('',(-0.577350269189621,-0.577350269189635,-0.577350269189621));
#2950=DIRECTION('center_axis',(0.707106781186547,0.,0.707106781186548));
#2951=DIRECTION('ref_axis',(0.,1.,0.));
#2952=DIRECTION('',(0.707106781186548,0.,-0.707106781186547));
#2953=DIRECTION('',(0.,1.,0.));
#2954=DIRECTION('center_axis',(0.707106781186547,0.,-0.707106781186548));
#2955=DIRECTION('ref_axis',(0.,-1.,0.));
#2956=DIRECTION('',(0.,-1.,0.));
#2957=DIRECTION('',(-0.707106781186548,0.,-0.707106781186547));
#2958=DIRECTION('center_axis',(0.,1.,0.));
#2959=DIRECTION('ref_axis',(-1.,0.,0.));
#2960=DIRECTION('',(0.,0.,-1.));
#2961=DIRECTION('center_axis',(0.,1.,0.));
#2962=DIRECTION('ref_axis',(1.,0.,-4.44089209850062E-15));
#2963=DIRECTION('',(-1.,0.,0.));
#2964=DIRECTION('center_axis',(0.,1.,0.));
#2965=DIRECTION('ref_axis',(-5.55111512312578E-16,0.,-1.));
#2966=DIRECTION('',(-3.08395284618099E-17,0.,1.));
#2967=DIRECTION('center_axis',(0.,1.,0.));
#2968=DIRECTION('ref_axis',(-1.,0.,-8.32667268468867E-16));
#2969=DIRECTION('',(1.,0.,3.34586556702183E-32));
#2970=DIRECTION('center_axis',(0.,1.,0.));
#2971=DIRECTION('ref_axis',(4.44089209850061E-15,0.,1.));
#2972=DIRECTION('center_axis',(1.,0.,2.46716227694479E-16));
#2973=DIRECTION('ref_axis',(-2.46716227694479E-16,0.,1.));
#2974=DIRECTION('',(2.46716227694479E-16,0.,-1.));
#2975=DIRECTION('',(0.,-1.,0.));
#2976=DIRECTION('',(-2.46716227694479E-16,0.,1.));
#2977=DIRECTION('center_axis',(1.,0.,0.));
#2978=DIRECTION('ref_axis',(0.,0.,-1.));
#2979=DIRECTION('',(0.,1.,0.));
#2980=DIRECTION('',(0.,0.,-1.));
#2981=DIRECTION('',(0.,1.,0.));
#2982=DIRECTION('center_axis',(0.707106781186556,0.707106781186539,1.4119928708302E-16));
#2983=DIRECTION('ref_axis',(-8.86636443277035E-17,-1.11022302462516E-16,
1.));
#2984=DIRECTION('',(0.577350269189621,-0.577350269189635,0.577350269189621));
#2985=DIRECTION('',(0.577350269189621,-0.577350269189635,-0.577350269189621));
#2986=DIRECTION('',(-8.86636443277035E-17,0.,1.));
#2987=DIRECTION('center_axis',(0.707106781186547,0.,-0.707106781186548));
#2988=DIRECTION('ref_axis',(0.,1.,0.));
#2989=DIRECTION('',(0.,1.,0.));
#2990=DIRECTION('',(0.707106781186548,0.,0.707106781186547));
#2991=DIRECTION('center_axis',(0.707106781186547,0.,0.707106781186548));
#2992=DIRECTION('ref_axis',(0.,-1.,0.));
#2993=DIRECTION('',(0.,-1.,0.));
#2994=DIRECTION('',(-0.707106781186548,0.,0.707106781186547));
#2995=DIRECTION('center_axis',(-1.,0.,-8.86636443277035E-17));
#2996=DIRECTION('ref_axis',(8.86636443277035E-17,0.,-1.));
#2997=DIRECTION('',(-8.86636443277035E-17,0.,1.));
#2998=DIRECTION('',(0.,-1.,0.));
#2999=DIRECTION('',(8.86636443277035E-17,0.,-1.));
#3000=DIRECTION('center_axis',(2.22044604925031E-16,0.,-1.));
#3001=DIRECTION('ref_axis',(1.,0.,2.22044604925031E-16));
#3002=DIRECTION('',(-1.,0.,-2.22044604925031E-16));
#3003=DIRECTION('',(0.,-1.,0.));
#3004=DIRECTION('',(1.,0.,2.22044604925031E-16));
#3005=DIRECTION('',(0.,-1.,0.));
#3006=DIRECTION('center_axis',(0.,-1.,0.));
#3007=DIRECTION('ref_axis',(-1.,0.,0.));
#3008=DIRECTION('center_axis',(0.,1.,0.));
#3009=DIRECTION('ref_axis',(-1.,0.,0.));
#3010=DIRECTION('center_axis',(0.,-1.,0.));
#3011=DIRECTION('ref_axis',(-1.,0.,0.));
#3012=DIRECTION('center_axis',(-1.,0.,-8.86636443277035E-17));
#3013=DIRECTION('ref_axis',(8.86636443277035E-17,0.,-1.));
#3014=DIRECTION('',(8.86636443277035E-17,0.,-1.));
#3015=DIRECTION('',(0.,-1.,0.));
#3016=DIRECTION('',(-8.86636443277035E-17,0.,1.));
#3017=DIRECTION('center_axis',(0.,-1.,0.));
#3018=DIRECTION('ref_axis',(1.93082265152201E-15,0.,1.));
#3019=DIRECTION('center_axis',(0.,1.,0.));
#3020=DIRECTION('ref_axis',(1.93082265152201E-15,0.,1.));
#3021=DIRECTION('center_axis',(0.,-1.,0.));
#3022=DIRECTION('ref_axis',(1.93082265152201E-15,0.,1.));
#3023=DIRECTION('',(0.,-1.,0.));
#3024=DIRECTION('center_axis',(2.70616862252382E-16,0.,1.));
#3025=DIRECTION('ref_axis',(-1.,0.,2.70616862252382E-16));
#3026=DIRECTION('',(1.,0.,-2.70616862252382E-16));
#3027=DIRECTION('',(-1.,0.,2.70616862252382E-16));
#3028=DIRECTION('',(0.,-1.,0.));
#3029=DIRECTION('center_axis',(0.,-1.,0.));
#3030=DIRECTION('ref_axis',(1.,0.,4.34435096592452E-15));
#3031=DIRECTION('center_axis',(0.,1.,0.));
#3032=DIRECTION('ref_axis',(1.,0.,4.34435096592452E-15));
#3033=DIRECTION('center_axis',(0.,-1.,0.));
#3034=DIRECTION('ref_axis',(1.,0.,4.34435096592452E-15));
#3035=DIRECTION('center_axis',(1.,0.,2.46716227694479E-16));
#3036=DIRECTION('ref_axis',(-2.46716227694479E-16,0.,1.));
#3037=DIRECTION('',(-2.46716227694479E-16,0.,1.));
#3038=DIRECTION('',(0.,-1.,0.));
#3039=DIRECTION('',(2.46716227694479E-16,0.,-1.));
#3040=DIRECTION('center_axis',(0.,-1.,0.));
#3041=DIRECTION('ref_axis',(0.,0.,-1.));
#3042=DIRECTION('center_axis',(0.,1.,0.));
#3043=DIRECTION('ref_axis',(0.,0.,-1.));
#3044=DIRECTION('center_axis',(0.,-1.,0.));
#3045=DIRECTION('ref_axis',(0.,0.,-1.));
#3046=DIRECTION('center_axis',(0.,-1.,0.));
#3047=DIRECTION('ref_axis',(1.,0.,0.));
#3048=DIRECTION('center_axis',(-3.34586556702183E-32,0.,1.));
#3049=DIRECTION('ref_axis',(1.,0.,3.34586556702183E-32));
#3050=DIRECTION('',(1.,0.,3.34586556702183E-32));
#3051=DIRECTION('',(0.,1.,0.));
#3052=DIRECTION('',(0.,1.,0.));
#3053=DIRECTION('center_axis',(0.,1.,0.));
#3054=DIRECTION('ref_axis',(-1.,0.,-8.32667268468867E-16));
#3055=DIRECTION('center_axis',(0.,1.,0.));
#3056=DIRECTION('ref_axis',(-1.,0.,-8.32667268468867E-16));
#3057=DIRECTION('',(0.,1.,0.));
#3058=DIRECTION('center_axis',(-1.,0.,-3.08395284618099E-17));
#3059=DIRECTION('ref_axis',(-3.08395284618099E-17,0.,1.));
#3060=DIRECTION('',(-3.08395284618099E-17,0.,1.));
#3061=DIRECTION('',(0.,1.,0.));
#3062=DIRECTION('center_axis',(0.,1.,0.));
#3063=DIRECTION('ref_axis',(-5.55111512312578E-16,0.,-1.));
#3064=DIRECTION('center_axis',(0.,1.,0.));
#3065=DIRECTION('ref_axis',(-5.55111512312578E-16,0.,-1.));
#3066=DIRECTION('',(0.,1.,0.));
#3067=DIRECTION('center_axis',(0.,0.,-1.));
#3068=DIRECTION('ref_axis',(-1.,0.,0.));
#3069=DIRECTION('',(-1.,0.,0.));
#3070=DIRECTION('',(0.,1.,0.));
#3071=DIRECTION('center_axis',(0.,1.,0.));
#3072=DIRECTION('ref_axis',(1.,0.,-4.44089209850062E-15));
#3073=DIRECTION('center_axis',(0.,1.,0.));
#3074=DIRECTION('ref_axis',(1.,0.,-4.44089209850062E-15));
#3075=DIRECTION('center_axis',(0.,1.,0.));
#3076=DIRECTION('ref_axis',(4.44089209850061E-15,0.,1.));
#3077=DIRECTION('center_axis',(0.,1.,0.));
#3078=DIRECTION('ref_axis',(4.44089209850061E-15,0.,1.));
#3079=DIRECTION('center_axis',(0.,1.,0.));
#3080=DIRECTION('ref_axis',(-1.,0.,0.));
#3081=DIRECTION('',(0.,0.,1.));
#3082=DIRECTION('',(1.,0.,0.));
#3083=DIRECTION('',(0.,0.,1.));
#3084=DIRECTION('',(1.,0.,0.));
#3085=DIRECTION('',(0.,0.,1.));
#3086=DIRECTION('',(1.,0.,0.));
#3087=CARTESIAN_POINT('',(0.,0.,0.));
#3088=CARTESIAN_POINT('',(0.,0.,0.));
#3089=CARTESIAN_POINT('',(0.,0.,0.));
#3090=CARTESIAN_POINT('Origin',(35.0000005215406,9.,-45.0000006705523));
#3091=CARTESIAN_POINT('',(37.7500005215406,9.,-45.0000006705523));
#3092=CARTESIAN_POINT('Origin',(35.0000005215406,9.,-45.0000006705523));
#3093=CARTESIAN_POINT('Origin',(55.9299194245757,2.25,-11.));
#3094=CARTESIAN_POINT('',(57.8884546815571,1.5,-7.57269391667904));
#3095=CARTESIAN_POINT('',(57.8884546815571,3.,-9.53231298658098));
#3096=CARTESIAN_POINT('Ctrl Pts',(57.8884546815571,1.5,-7.57269391667904));
#3097=CARTESIAN_POINT('Ctrl Pts',(57.8884546815571,2.55024849338505,-8.78233012916898));
#3098=CARTESIAN_POINT('Ctrl Pts',(57.8884546815571,3.,-9.53231298658098));
#3099=CARTESIAN_POINT('',(57.8884546815571,3.,-12.467687013419));
#3100=CARTESIAN_POINT('Origin',(55.9299194245757,3.,-11.));
#3101=CARTESIAN_POINT('',(57.8884546815571,1.5,-14.427306083321));
#3102=CARTESIAN_POINT('Ctrl Pts',(57.8884546815571,3.,-12.467687013419));
#3103=CARTESIAN_POINT('Ctrl Pts',(57.8884546815571,2.55024849338506,-13.217669870831));
#3104=CARTESIAN_POINT('Ctrl Pts',(57.8884546815571,1.5,-14.427306083321));
#3105=CARTESIAN_POINT('Origin',(55.9299194245757,1.5,-11.));
#3106=CARTESIAN_POINT('Origin',(55.9299194245757,1.5,-11.));
#3107=CARTESIAN_POINT('',(57.8884546815571,5.,-9.53231298658098));
#3108=CARTESIAN_POINT('',(57.8884546815571,1.5,-9.53231298658098));
#3109=CARTESIAN_POINT('',(57.8884546815571,5.,-12.467687013419));
#3110=CARTESIAN_POINT('Origin',(55.9299194245757,5.,-11.));
#3111=CARTESIAN_POINT('',(57.8884546815571,1.5,-12.467687013419));
#3112=CARTESIAN_POINT('Origin',(10.9299194245757,2.5,-11.));
#3113=CARTESIAN_POINT('',(15.6799194245757,1.5,-11.));
#3114=CARTESIAN_POINT('Origin',(10.9299194245757,1.5,-11.));
#3115=CARTESIAN_POINT('',(13.6799194245757,3.5,-11.));
#3116=CARTESIAN_POINT('',(14.6799194245757,2.5,-11.));
#3117=CARTESIAN_POINT('Origin',(10.9299194245757,3.5,-11.));
#3118=CARTESIAN_POINT('Origin',(44.,1.5,-40.));
#3119=CARTESIAN_POINT('',(57.8884546815571,1.5,-78.3370735595502));
#3120=CARTESIAN_POINT('',(57.8884546815571,1.5,-72.6629264404498));
#3121=CARTESIAN_POINT('',(57.8884546815571,1.5,-57.0161564932905));
#3122=CARTESIAN_POINT('',(54.2314357669745,1.5,-78.5));
#3123=CARTESIAN_POINT('Origin',(55.9299194245757,1.5,-75.5));
#3124=CARTESIAN_POINT('',(14.6126493902397,1.5,-78.5));
#3125=CARTESIAN_POINT('',(66.,1.5,-78.5));
#3126=CARTESIAN_POINT('',(15.6799194245757,1.5,-75.5));
#3127=CARTESIAN_POINT('Origin',(10.9299194245757,1.5,-75.5));
#3128=CARTESIAN_POINT('',(7.2471894589116,1.5,-78.5));
#3129=CARTESIAN_POINT('Origin',(10.9299194245757,1.5,-75.5));
#3130=CARTESIAN_POINT('',(4.,1.5,-78.5));
#3131=CARTESIAN_POINT('',(66.,1.5,-78.5));
#3132=CARTESIAN_POINT('',(1.5,1.5,-76.));
#3133=CARTESIAN_POINT('Origin',(4.,1.5,-76.));
#3134=CARTESIAN_POINT('',(1.5,1.5,-4.));
#3135=CARTESIAN_POINT('',(1.5,1.5,-60.));
#3136=CARTESIAN_POINT('',(4.,1.5,-1.5));
#3137=CARTESIAN_POINT('Origin',(4.,1.5,-4.));
#3138=CARTESIAN_POINT('',(84.,1.5,-1.5));
#3139=CARTESIAN_POINT('',(22.,1.5,-1.5));
#3140=CARTESIAN_POINT('',(86.5,1.5,-4.));
#3141=CARTESIAN_POINT('Origin',(84.,1.5,-4.));
#3142=CARTESIAN_POINT('',(86.5,1.5,-76.));
#3143=CARTESIAN_POINT('',(86.5,1.5,-20.));
#3144=CARTESIAN_POINT('',(84.,1.5,-78.5));
#3145=CARTESIAN_POINT('Origin',(84.,1.5,-76.));
#3146=CARTESIAN_POINT('',(57.6284030821768,1.5,-78.5));
#3147=CARTESIAN_POINT('',(66.,1.5,-78.5));
#3148=CARTESIAN_POINT('Origin',(55.9299194245757,1.5,-75.5));
#3149=CARTESIAN_POINT('',(57.8884546815571,1.5,-24.7661564932905));
#3150=CARTESIAN_POINT('',(40.2500005215406,1.5,-45.0000006705523));
#3151=CARTESIAN_POINT('Origin',(35.0000005215406,1.5,-45.0000006705523));
#3152=CARTESIAN_POINT('Origin',(10.9299194245757,1.5,-11.));
#3153=CARTESIAN_POINT('',(13.6799194245757,5.,-11.));
#3154=CARTESIAN_POINT('Origin',(10.9299194245757,5.,-11.));
#3155=CARTESIAN_POINT('',(13.6799194245757,1.5,-11.));
#3156=CARTESIAN_POINT('Origin',(35.0000005215406,2.75,-45.0000006705523));
#3157=CARTESIAN_POINT('',(37.7500005215406,4.,-45.0000006705523));
#3158=CARTESIAN_POINT('',(39.0000005215406,2.75,-45.0000006705523));
#3159=CARTESIAN_POINT('Origin',(35.0000005215406,4.,-45.0000006705523));
#3160=CARTESIAN_POINT('Origin',(35.0000005215406,1.5,-45.0000006705523));
#3161=CARTESIAN_POINT('',(37.7500005215406,1.5,-45.0000006705523));
#3162=CARTESIAN_POINT('Origin',(55.9299194245757,2.,-75.5));
#3163=CARTESIAN_POINT('Ctrl Pts',(54.2314357669745,1.5,-78.5));
#3164=CARTESIAN_POINT('Ctrl Pts',(55.9299194245757,2.33680824833471,-78.5));
#3165=CARTESIAN_POINT('Ctrl Pts',(57.6284030821768,1.5,-78.5));
#3166=CARTESIAN_POINT('',(57.8884546815571,2.5,-74.032312986581));
#3167=CARTESIAN_POINT('Ctrl Pts',(57.8884546815571,1.5,-72.6629264404498));
#3168=CARTESIAN_POINT('Ctrl Pts',(57.8884546815571,2.15905490246425,-73.4637701919275));
#3169=CARTESIAN_POINT('Ctrl Pts',(57.8884546815571,2.5,-74.032312986581));
#3170=CARTESIAN_POINT('',(57.8884546815571,2.5,-76.967687013419));
#3171=CARTESIAN_POINT('Origin',(55.9299194245757,2.5,-75.5));
#3172=CARTESIAN_POINT('Ctrl Pts',(57.8884546815571,2.5,-76.967687013419));
#3173=CARTESIAN_POINT('Ctrl Pts',(57.8884546815571,2.15905490246425,-77.5362298080725));
#3174=CARTESIAN_POINT('Ctrl Pts',(57.8884546815571,1.5,-78.3370735595502));
#3175=CARTESIAN_POINT('Origin',(55.9299194245757,1.5,-75.5));
#3176=CARTESIAN_POINT('',(57.8884546815571,5.,-74.032312986581));
#3177=CARTESIAN_POINT('',(57.8884546815571,1.5,-74.032312986581));
#3178=CARTESIAN_POINT('',(57.8884546815571,5.,-76.967687013419));
#3179=CARTESIAN_POINT('Origin',(55.9299194245757,5.,-75.5));
#3180=CARTESIAN_POINT('',(57.8884546815571,1.5,-76.967687013419));
#3181=CARTESIAN_POINT('Origin',(10.9299194245757,2.5,-75.5));
#3182=CARTESIAN_POINT('Ctrl Pts',(7.2471894589116,1.5,-78.5));
#3183=CARTESIAN_POINT('Ctrl Pts',(10.9299194245757,4.35526315789474,-78.5));
#3184=CARTESIAN_POINT('Ctrl Pts',(14.6126493902397,1.5,-78.5));
#3185=CARTESIAN_POINT('',(13.6799194245757,3.5,-75.5));
#3186=CARTESIAN_POINT('',(14.6799194245757,2.5,-75.5));
#3187=CARTESIAN_POINT('Origin',(10.9299194245757,3.5,-75.5));
#3188=CARTESIAN_POINT('Origin',(88.,0.,-78.5));
#3189=CARTESIAN_POINT('',(84.,35.,-78.5));
#3190=CARTESIAN_POINT('',(84.,0.,-78.5));
#3191=CARTESIAN_POINT('',(4.,35.,-78.5));
#3192=CARTESIAN_POINT('',(66.,35.,-78.5));
#3193=CARTESIAN_POINT('',(4.,0.,-78.5));
#3194=CARTESIAN_POINT('Origin',(10.9299194245757,1.5,-75.5));
#3195=CARTESIAN_POINT('',(13.6799194245757,5.,-75.5));
#3196=CARTESIAN_POINT('Origin',(10.9299194245757,5.,-75.5));
#3197=CARTESIAN_POINT('',(13.6799194245757,1.5,-75.5));
#3198=CARTESIAN_POINT('Origin',(0.,23.25,-40.));
#3199=CARTESIAN_POINT('',(-0.5,23.25,-43.6));
#3200=CARTESIAN_POINT('Origin',(-0.5,23.25,-40.));
#3201=CARTESIAN_POINT('',(3.08148791101958E-32,23.25,-44.1));
#3202=CARTESIAN_POINT('Origin',(0.,23.25,-43.6));
#3203=CARTESIAN_POINT('Origin',(6.16297582203915E-32,23.25,-40.));
#3204=CARTESIAN_POINT('Origin',(-0.5,23.25,-40.));
#3205=CARTESIAN_POINT('',(-0.5,23.25,-43.1));
#3206=CARTESIAN_POINT('Origin',(-0.5,23.25,-40.));
#3207=CARTESIAN_POINT('Origin',(3.08148791101958E-32,23.25,-40.));
#3208=CARTESIAN_POINT('',(1.5,23.25,-43.1));
#3209=CARTESIAN_POINT('',(3.08148791101958E-32,23.25,-43.1));
#3210=CARTESIAN_POINT('Origin',(1.5,23.25,-40.));
#3211=CARTESIAN_POINT('Origin',(10.9299194245757,1.5,-11.));
#3212=CARTESIAN_POINT('',(12.1799194245757,5.,-11.));
#3213=CARTESIAN_POINT('Origin',(10.9299194245757,5.,-11.));
#3214=CARTESIAN_POINT('',(12.1799194245757,1.5,-11.));
#3215=CARTESIAN_POINT('',(12.1799194245757,1.5,-11.));
#3216=CARTESIAN_POINT('Origin',(10.9299194245757,1.5,-11.));
#3217=CARTESIAN_POINT('Origin',(10.9299194245757,5.,-11.));
#3218=CARTESIAN_POINT('Origin',(10.9299194245757,1.5,-75.5));
#3219=CARTESIAN_POINT('',(12.1799194245757,5.,-75.5));
#3220=CARTESIAN_POINT('Origin',(10.9299194245757,5.,-75.5));
#3221=CARTESIAN_POINT('',(12.1799194245757,1.5,-75.5));
#3222=CARTESIAN_POINT('',(12.1799194245757,1.5,-75.5));
#3223=CARTESIAN_POINT('Origin',(10.9299194245757,1.5,-75.5));
#3224=CARTESIAN_POINT('Origin',(10.9299194245757,5.,-75.5));
#3225=CARTESIAN_POINT('Origin',(44.,1.5,-40.));
#3226=CARTESIAN_POINT('Origin',(55.9299194245757,1.5,-11.));
#3227=CARTESIAN_POINT('',(57.1799194245757,5.,-11.));
#3228=CARTESIAN_POINT('Origin',(55.9299194245757,5.,-11.));
#3229=CARTESIAN_POINT('',(57.1799194245757,1.5,-11.));
#3230=CARTESIAN_POINT('',(57.1799194245757,1.5,-11.));
#3231=CARTESIAN_POINT('Origin',(55.9299194245757,1.5,-11.));
#3232=CARTESIAN_POINT('Origin',(57.8884546815571,1.5,-9.53231298658098));
#3233=CARTESIAN_POINT('',(57.8884546815571,5.,-5.00000007450581));
#3234=CARTESIAN_POINT('Origin',(55.6854667498314,5.,-11.));
#3235=CARTESIAN_POINT('Origin',(44.,1.5,-40.));
#3236=CARTESIAN_POINT('Origin',(55.9299194245757,1.5,-75.5));
#3237=CARTESIAN_POINT('',(57.1799194245757,5.,-75.5));
#3238=CARTESIAN_POINT('Origin',(55.9299194245757,5.,-75.5));
#3239=CARTESIAN_POINT('',(57.1799194245757,1.5,-75.5));
#3240=CARTESIAN_POINT('',(57.1799194245757,1.5,-75.5));
#3241=CARTESIAN_POINT('Origin',(55.9299194245757,1.5,-75.5));
#3242=CARTESIAN_POINT('Origin',(57.8884546815571,1.5,-74.032312986581));
#3243=CARTESIAN_POINT('',(57.8884546815571,5.,-75.1404883395749));
#3244=CARTESIAN_POINT('Origin',(55.6854667498314,5.,-75.5));
#3245=CARTESIAN_POINT('Origin',(44.,1.5,-40.));
#3246=CARTESIAN_POINT('Origin',(4.77980795288832E-32,0.,-1.5));
#3247=CARTESIAN_POINT('',(4.,11.5,-1.5));
#3248=CARTESIAN_POINT('',(4.,0.,-1.5));
#3249=CARTESIAN_POINT('',(59.,11.5,-1.5));
#3250=CARTESIAN_POINT('',(29.5,11.5,-1.5));
#3251=CARTESIAN_POINT('',(59.,31.5,-1.5));
#3252=CARTESIAN_POINT('',(59.,15.75,-1.5));
#3253=CARTESIAN_POINT('',(4.,31.5,-1.5));
#3254=CARTESIAN_POINT('',(2.,31.5,-1.5));
#3255=CARTESIAN_POINT('',(4.,35.,-1.5));
#3256=CARTESIAN_POINT('',(4.,0.,-1.5));
#3257=CARTESIAN_POINT('',(84.,35.,-1.5));
#3258=CARTESIAN_POINT('',(22.,35.,-1.5));
#3259=CARTESIAN_POINT('',(84.,0.,-1.5));
#3260=CARTESIAN_POINT('Origin',(4.,0.,-4.));
#3261=CARTESIAN_POINT('',(1.5,35.,-4.));
#3262=CARTESIAN_POINT('',(1.5,0.,-4.));
#3263=CARTESIAN_POINT('Origin',(4.,35.,-4.));
#3264=CARTESIAN_POINT('',(4.,0.,-1.5));
#3265=CARTESIAN_POINT('Origin',(1.5,0.,-80.));
#3266=CARTESIAN_POINT('',(1.5,35.,-76.));
#3267=CARTESIAN_POINT('',(1.5,0.,-76.));
#3268=CARTESIAN_POINT('',(1.5,35.,-60.));
#3269=CARTESIAN_POINT('',(1.5,35.,-60.));
#3270=CARTESIAN_POINT('',(1.5,32.,-60.));
#3271=CARTESIAN_POINT('',(1.5,17.5,-60.));
#3272=CARTESIAN_POINT('',(1.5,32.,-20.));
#3273=CARTESIAN_POINT('',(1.5,32.,-70.));
#3274=CARTESIAN_POINT('',(1.5,35.,-20.));
#3275=CARTESIAN_POINT('',(1.5,16.,-20.));
#3276=CARTESIAN_POINT('',(1.5,35.,-60.));
#3277=CARTESIAN_POINT('Origin',(4.,0.,-76.));
#3278=CARTESIAN_POINT('Origin',(4.,35.,-76.));
#3279=CARTESIAN_POINT('Origin',(46.0000006705523,32.,0.));
#3280=CARTESIAN_POINT('',(4.,32.5,-7.19416622309616E-47));
#3281=CARTESIAN_POINT('',(60.0000008940697,32.5,-7.19416622309616E-47));
#3282=CARTESIAN_POINT('',(30.0000004470348,32.5,9.55961604822602E-31));
#3283=CARTESIAN_POINT('',(4.,32.,0.5));
#3284=CARTESIAN_POINT('Origin',(4.,32.,0.));
#3285=CARTESIAN_POINT('',(59.500000447035,32.0000004470348,0.5));
#3286=CARTESIAN_POINT('',(46.0000006705523,32.,0.5));
#3287=CARTESIAN_POINT('Origin',(59.5000004470346,32.,0.));
#3288=CARTESIAN_POINT('Origin',(59.4999959766797,16.0000113993727,0.));
#3289=CARTESIAN_POINT('',(60.,11.5,-7.19416622309616E-47));
#3290=CARTESIAN_POINT('',(59.5000000000002,11.4999995529656,0.5));
#3291=CARTESIAN_POINT('Origin',(59.5000000000002,11.4999995529656,0.));
#3292=CARTESIAN_POINT('',(59.5000008940697,10.9999995529646,0.5));
#3293=CARTESIAN_POINT('',(59.4999959766797,16.0000113993727,0.5));
#3294=CARTESIAN_POINT('',(60.0000008940697,10.4999991059295,-7.19416622309616E-47));
#3295=CARTESIAN_POINT('Origin',(59.5000004470346,10.999999552965,0.));
#3296=CARTESIAN_POINT('',(60.0000055879069,5.25002637503553,1.91192335921614E-30));
#3297=CARTESIAN_POINT('Origin',(18.0000002235174,11.,0.));
#3298=CARTESIAN_POINT('',(59.,10.5,-7.19416622309616E-47));
#3299=CARTESIAN_POINT('',(59.,11.,0.5));
#3300=CARTESIAN_POINT('Origin',(59.,11.,0.));
#3301=CARTESIAN_POINT('',(4.,11.,0.5));
#3302=CARTESIAN_POINT('',(18.0000002235174,11.,0.5));
#3303=CARTESIAN_POINT('',(4.,10.5,-7.19416622309616E-47));
#3304=CARTESIAN_POINT('Origin',(4.,11.,0.));
#3305=CARTESIAN_POINT('',(2.,10.5,6.37307727051776E-32));
#3306=CARTESIAN_POINT('Origin',(45.4999957531801,11.0000120699446,0.));
#3307=CARTESIAN_POINT('',(45.4999957531801,11.0000120699446,0.5));
#3308=CARTESIAN_POINT('',(29.5000046938894,10.5000263750511,9.40029046973968E-31));
#3309=CARTESIAN_POINT('Origin',(59.5,16.4999997764824,0.));
#3310=CARTESIAN_POINT('',(60.,31.5,-7.19416622309616E-47));
#3311=CARTESIAN_POINT('',(59.5,31.5,0.5));
#3312=CARTESIAN_POINT('Origin',(59.5,31.5,0.));
#3313=CARTESIAN_POINT('',(59.5,16.4999997764824,0.5));
#3314=CARTESIAN_POINT('',(60.,5.75,1.91192318115533E-30));
#3315=CARTESIAN_POINT('Origin',(59.4999955296404,26.499987706546,0.));
#3316=CARTESIAN_POINT('',(59.4999955296404,26.499987706546,0.5));
#3317=CARTESIAN_POINT('',(59.9999859183787,15.7499731779224,1.91192273243903E-30));
#3318=CARTESIAN_POINT('Origin',(4.,32.5,0.));
#3319=CARTESIAN_POINT('',(4.,31.5,-7.19416622309616E-47));
#3320=CARTESIAN_POINT('',(4.,0.,0.));
#3321=CARTESIAN_POINT('',(4.,31.5,0.5));
#3322=CARTESIAN_POINT('',(4.,31.5,-7.19416622309616E-47));
#3323=CARTESIAN_POINT('',(4.,0.,0.5));
#3324=CARTESIAN_POINT('Origin',(4.,11.5,-7.19416622309616E-47));
#3325=CARTESIAN_POINT('',(4.,11.5,0.5));
#3326=CARTESIAN_POINT('',(4.,11.5,0.5));
#3327=CARTESIAN_POINT('',(4.,11.5,-7.19416622309616E-47));
#3328=CARTESIAN_POINT('',(4.,11.5,-7.19416622309616E-47));
#3329=CARTESIAN_POINT('',(4.,0.,0.));
#3330=CARTESIAN_POINT('Origin',(32.0000004470348,21.4999995529648,0.5));
#3331=CARTESIAN_POINT('',(59.,31.5,0.5));
#3332=CARTESIAN_POINT('',(59.,31.5,0.5));
#3333=CARTESIAN_POINT('',(59.,11.5,0.5));
#3334=CARTESIAN_POINT('',(59.,31.5,0.5));
#3335=CARTESIAN_POINT('',(59.,11.5,0.5));
#3336=CARTESIAN_POINT('Origin',(59.,11.5,-7.19416622309616E-47));
#3337=CARTESIAN_POINT('',(4.,11.5,-7.19416622309616E-47));
#3338=CARTESIAN_POINT('',(59.,11.5,-7.19416622309616E-47));
#3339=CARTESIAN_POINT('Origin',(59.,31.5,-7.19416622309616E-47));
#3340=CARTESIAN_POINT('',(59.,31.5,-7.19416622309616E-47));
#3341=CARTESIAN_POINT('Origin',(4.,31.5,-7.19416622309616E-47));
#3342=CARTESIAN_POINT('',(4.,31.5,-7.19416622309616E-47));
#3343=CARTESIAN_POINT('Origin',(4.,11.5,-7.19416622309616E-47));
#3344=CARTESIAN_POINT('',(4.,0.,0.));
#3345=CARTESIAN_POINT('Origin',(86.5,32.,-20.));
#3346=CARTESIAN_POINT('',(86.5,32.,-20.));
#3347=CARTESIAN_POINT('',(85.,33.5,-21.5));
#3348=CARTESIAN_POINT('',(79.8333333333333,38.6666666666667,-26.6666666666667));
#3349=CARTESIAN_POINT('',(86.5,35.,-20.));
#3350=CARTESIAN_POINT('',(86.5,16.,-20.));
#3351=CARTESIAN_POINT('',(86.,34.5,-20.5));
#3352=CARTESIAN_POINT('Origin',(86.5,35.,-20.));
#3353=CARTESIAN_POINT('',(86.5,35.,-60.));
#3354=CARTESIAN_POINT('',(85.,33.5,-58.5));
#3355=CARTESIAN_POINT('',(79.8333333333334,28.3333333333333,-53.3333333333334));
#3356=CARTESIAN_POINT('',(85.,33.5,-40.));
#3357=CARTESIAN_POINT('',(86.5,35.,-20.));
#3358=CARTESIAN_POINT('Origin',(86.5,35.,-60.));
#3359=CARTESIAN_POINT('',(86.5,32.,-60.));
#3360=CARTESIAN_POINT('',(86.5,17.5,-60.));
#3361=CARTESIAN_POINT('',(86.,32.5,-59.5));
#3362=CARTESIAN_POINT('Origin',(86.5,32.,-60.));
#3363=CARTESIAN_POINT('',(86.5,32.,-30.));
#3364=CARTESIAN_POINT('Origin',(88.,0.,2.80415399902782E-30));
#3365=CARTESIAN_POINT('',(88.,35.,-4.));
#3366=CARTESIAN_POINT('',(88.,35.,-76.));
#3367=CARTESIAN_POINT('',(88.,35.,2.80415399902782E-30));
#3368=CARTESIAN_POINT('',(88.,0.,-4.));
#3369=CARTESIAN_POINT('',(88.,0.,-4.));
#3370=CARTESIAN_POINT('',(88.,0.,-76.));
#3371=CARTESIAN_POINT('',(88.,0.,2.80415399902782E-30));
#3372=CARTESIAN_POINT('',(88.,0.,-76.));
#3373=CARTESIAN_POINT('Origin',(44.,35.,-40.));
#3374=CARTESIAN_POINT('',(84.,35.,-80.));
#3375=CARTESIAN_POINT('Origin',(84.,35.,-76.));
#3376=CARTESIAN_POINT('',(4.,35.,-80.));
#3377=CARTESIAN_POINT('',(88.,35.,-80.));
#3378=CARTESIAN_POINT('',(5.8548270309372E-32,35.,-76.));
#3379=CARTESIAN_POINT('Origin',(4.,35.,-76.));
#3380=CARTESIAN_POINT('',(3.08148791101958E-33,35.,-4.));
#3381=CARTESIAN_POINT('',(6.16297582203915E-32,35.,-80.));
#3382=CARTESIAN_POINT('',(4.,35.,1.27461545410355E-31));
#3383=CARTESIAN_POINT('Origin',(4.,35.,-4.));
#3384=CARTESIAN_POINT('',(84.,35.,2.67669245361746E-30));
#3385=CARTESIAN_POINT('',(0.,35.,0.));
#3386=CARTESIAN_POINT('Origin',(84.,35.,-4.));
#3387=CARTESIAN_POINT('',(86.5,35.,-4.));
#3388=CARTESIAN_POINT('',(86.5,35.,-20.));
#3389=CARTESIAN_POINT('Origin',(84.,35.,-4.));
#3390=CARTESIAN_POINT('',(1.5,35.,-60.));
#3391=CARTESIAN_POINT('',(86.5,35.,-76.));
#3392=CARTESIAN_POINT('Origin',(84.,35.,-76.));
#3393=CARTESIAN_POINT('',(86.5,35.,-20.));
#3394=CARTESIAN_POINT('Origin',(1.5,32.,-20.));
#3395=CARTESIAN_POINT('',(2.99999999999999,33.5,-21.5));
#3396=CARTESIAN_POINT('',(8.16666666666667,38.6666666666667,-26.6666666666667));
#3397=CARTESIAN_POINT('',(2.00000000000001,34.5,-20.5));
#3398=CARTESIAN_POINT('Origin',(1.5,35.,-20.));
#3399=CARTESIAN_POINT('',(2.99999999999999,33.5,-58.5));
#3400=CARTESIAN_POINT('',(8.16666666666659,28.3333333333333,-53.3333333333334));
#3401=CARTESIAN_POINT('',(2.99999999999999,33.5,-40.));
#3402=CARTESIAN_POINT('Origin',(1.5,35.,-60.));
#3403=CARTESIAN_POINT('',(2.,32.5,-59.5));
#3404=CARTESIAN_POINT('Origin',(1.5,32.,-60.));
#3405=CARTESIAN_POINT('Origin',(44.,1.5,-40.));
#3406=CARTESIAN_POINT('Origin',(84.,0.,-76.));
#3407=CARTESIAN_POINT('',(86.5,0.,-76.));
#3408=CARTESIAN_POINT('Origin',(84.,0.,-4.));
#3409=CARTESIAN_POINT('',(86.5,0.,-4.));
#3410=CARTESIAN_POINT('Origin',(86.5,0.,2.80415399902782E-30));
#3411=CARTESIAN_POINT('Origin',(4.,0.,-76.));
#3412=CARTESIAN_POINT('',(4.,0.,-80.));
#3413=CARTESIAN_POINT('',(4.,0.,-80.));
#3414=CARTESIAN_POINT('',(5.8548270309372E-32,0.,-76.));
#3415=CARTESIAN_POINT('Origin',(4.,0.,-76.));
#3416=CARTESIAN_POINT('',(0.,0.,-76.));
#3417=CARTESIAN_POINT('Origin',(44.,0.,-40.));
#3418=CARTESIAN_POINT('',(84.,0.,-80.));
#3419=CARTESIAN_POINT('',(88.,0.,-80.));
#3420=CARTESIAN_POINT('Origin',(84.,0.,-76.));
#3421=CARTESIAN_POINT('',(84.,0.,2.67669245361746E-30));
#3422=CARTESIAN_POINT('Origin',(84.,0.,-4.));
#3423=CARTESIAN_POINT('',(4.,0.,1.27461545410355E-31));
#3424=CARTESIAN_POINT('',(0.,0.,0.));
#3425=CARTESIAN_POINT('',(3.08148791101958E-33,0.,-4.));
#3426=CARTESIAN_POINT('Origin',(4.,0.,-4.));
#3427=CARTESIAN_POINT('',(6.16297582203915E-32,0.,-80.));
#3428=CARTESIAN_POINT('Origin',(88.,0.,-80.));
#3429=CARTESIAN_POINT('',(84.,0.,-80.));
#3430=CARTESIAN_POINT('Origin',(84.,0.,-76.));
#3431=CARTESIAN_POINT('Origin',(4.,0.,-4.));
#3432=CARTESIAN_POINT('',(0.,0.,-4.));
#3433=CARTESIAN_POINT('',(4.,0.,0.));
#3434=CARTESIAN_POINT('',(4.,0.,0.));
#3435=CARTESIAN_POINT('Origin',(0.,0.,0.));
#3436=CARTESIAN_POINT('',(84.,0.,0.));
#3437=CARTESIAN_POINT('Origin',(84.,0.,-4.));
#3438=CARTESIAN_POINT('Origin',(6.16297582203915E-32,0.,-80.));
#3439=CARTESIAN_POINT('',(0.,0.,0.));
#3440=CARTESIAN_POINT('Origin',(54.5000026598573,1.5,-72.5000034435652));
#3441=CARTESIAN_POINT('',(29.5000026598573,36.5,-72.5000034435652));
#3442=CARTESIAN_POINT('',(54.5000026598573,36.5,-72.5000034435652));
#3443=CARTESIAN_POINT('',(49.2500013299286,36.5,-72.5000034435652));
#3444=CARTESIAN_POINT('',(29.5000026598573,35.,-72.5000034435652));
#3445=CARTESIAN_POINT('',(29.5000026598573,36.5,-72.5000034435652));
#3446=CARTESIAN_POINT('',(54.5000026598573,35.,-72.5000034435652));
#3447=CARTESIAN_POINT('',(49.2500013299286,35.,-72.5000034435652));
#3448=CARTESIAN_POINT('',(54.5000026598573,1.5,-72.5000034435652));
#3449=CARTESIAN_POINT('Origin',(54.5000026598573,1.5,-47.5000034435652));
#3450=CARTESIAN_POINT('',(54.5000026598573,36.5,-47.5000034435652));
#3451=CARTESIAN_POINT('',(54.5000026598573,36.5,-43.7500017217826));
#3452=CARTESIAN_POINT('',(54.5000026598573,35.,-47.5000034435652));
#3453=CARTESIAN_POINT('',(54.5000026598573,35.,-43.7500017217826));
#3454=CARTESIAN_POINT('',(54.5000026598573,36.5,-47.5000034435652));
#3455=CARTESIAN_POINT('Origin',(29.5000026598573,1.5,-47.5000034435652));
#3456=CARTESIAN_POINT('',(29.5000026598573,36.5,-47.5000034435652));
#3457=CARTESIAN_POINT('',(36.7500013299286,36.5,-47.5000034435652));
#3458=CARTESIAN_POINT('',(29.5000026598573,35.,-47.5000034435652));
#3459=CARTESIAN_POINT('',(36.7500013299286,35.,-47.5000034435652));
#3460=CARTESIAN_POINT('',(29.5000026598573,36.5,-47.5000034435652));
#3461=CARTESIAN_POINT('Origin',(29.5000026598573,1.5,-72.5000034435652));
#3462=CARTESIAN_POINT('',(29.5000026598573,36.5,-56.2500017217826));
#3463=CARTESIAN_POINT('',(29.5000026598573,35.,-56.2500017217826));
#3464=CARTESIAN_POINT('Origin',(85.787867965644,32.212132034356,-50.));
#3465=CARTESIAN_POINT('',(85.7,32.,-20.6));
#3466=CARTESIAN_POINT('',(85.8757359312881,32.4242640687119,-20.424264068712));
#3467=CARTESIAN_POINT('',(83.9371937836175,27.7442093245738,-22.3628062163825));
#3468=CARTESIAN_POINT('',(85.7,32.,-59.4));
#3469=CARTESIAN_POINT('',(85.7,32.,-50.));
#3470=CARTESIAN_POINT('',(85.8757359312881,32.4242640687119,-59.5757359312881));
#3471=CARTESIAN_POINT('',(85.6771755355715,31.9448968684227,-59.3771755355715));
#3472=CARTESIAN_POINT('',(85.8757359312881,32.4242640687119,-50.));
#3473=CARTESIAN_POINT('Origin',(86.3,32.,-60.));
#3474=CARTESIAN_POINT('',(84.8,33.5,-58.5));
#3475=CARTESIAN_POINT('',(85.8,32.5,-59.5));
#3476=CARTESIAN_POINT('',(84.8,33.5,-21.5));
#3477=CARTESIAN_POINT('',(84.8,33.5,-40.));
#3478=CARTESIAN_POINT('',(79.6333333333333,38.6666666666667,-26.6666666666667));
#3479=CARTESIAN_POINT('Origin',(2.21213203435597,32.212132034356,-50.));
#3480=CARTESIAN_POINT('',(2.3,32.,-59.4));
#3481=CARTESIAN_POINT('',(2.12426406871193,32.4242640687119,-59.5757359312881));
#3482=CARTESIAN_POINT('',(2.32282446442855,31.9448968684227,-59.3771755355715));
#3483=CARTESIAN_POINT('',(2.30000000000001,32.,-20.6));
#3484=CARTESIAN_POINT('',(2.3,32.,-50.));
#3485=CARTESIAN_POINT('',(2.12426406871195,32.4242640687119,-20.424264068712));
#3486=CARTESIAN_POINT('',(4.06280621638244,27.7442093245738,-22.3628062163825));
#3487=CARTESIAN_POINT('',(2.12426406871193,32.4242640687119,-50.));
#3488=CARTESIAN_POINT('Origin',(1.70000000000001,32.,-60.));
#3489=CARTESIAN_POINT('',(3.19999999999999,33.5,-21.5));
#3490=CARTESIAN_POINT('',(8.36666666666667,38.6666666666667,-26.6666666666667));
#3491=CARTESIAN_POINT('',(3.19999999999999,33.5,-58.5));
#3492=CARTESIAN_POINT('',(3.19999999999999,33.5,-40.));
#3493=CARTESIAN_POINT('',(2.20000000000001,32.5,-59.5));
#3494=CARTESIAN_POINT('Origin',(84.,35.,-76.));
#3495=CARTESIAN_POINT('',(84.8,35.,-76.));
#3496=CARTESIAN_POINT('',(84.,35.,-76.8));
#3497=CARTESIAN_POINT('Origin',(84.,35.,-76.));
#3498=CARTESIAN_POINT('',(84.,32.,-76.8));
#3499=CARTESIAN_POINT('',(84.,35.,-76.8));
#3500=CARTESIAN_POINT('',(84.8,32.,-76.));
#3501=CARTESIAN_POINT('Origin',(84.,32.,-76.));
#3502=CARTESIAN_POINT('',(84.8,35.,-76.));
#3503=CARTESIAN_POINT('Origin',(84.8,35.,-76.));
#3504=CARTESIAN_POINT('',(84.8,35.,-60.6213203435597));
#3505=CARTESIAN_POINT('',(84.8,35.,-58.));
#3506=CARTESIAN_POINT('',(84.8,32.,-60.6213203435597));
#3507=CARTESIAN_POINT('',(84.8,32.,-58.));
#3508=CARTESIAN_POINT('',(84.8,35.,-60.6213203435597));
#3509=CARTESIAN_POINT('Origin',(84.8,35.,-76.));
#3510=CARTESIAN_POINT('',(84.8,35.,-4.00000000000002));
#3511=CARTESIAN_POINT('',(84.8,35.,-19.3786796564404));
#3512=CARTESIAN_POINT('',(84.8,35.,-58.));
#3513=CARTESIAN_POINT('',(84.8,32.,-19.3786796564404));
#3514=CARTESIAN_POINT('',(84.8,33.5,-19.3786796564404));
#3515=CARTESIAN_POINT('',(84.8,32.,-4.00000000000002));
#3516=CARTESIAN_POINT('',(84.8,32.,-58.));
#3517=CARTESIAN_POINT('',(84.8,35.,-4.00000000000002));
#3518=CARTESIAN_POINT('Origin',(84.,35.,-4.00000000000003));
#3519=CARTESIAN_POINT('',(84.,35.,-3.20000000000002));
#3520=CARTESIAN_POINT('Origin',(84.,35.,-4.00000000000003));
#3521=CARTESIAN_POINT('',(84.,32.,-3.20000000000002));
#3522=CARTESIAN_POINT('Origin',(84.,32.,-4.00000000000003));
#3523=CARTESIAN_POINT('',(84.,35.,-3.20000000000002));
#3524=CARTESIAN_POINT('Origin',(84.,35.,-3.20000000000002));
#3525=CARTESIAN_POINT('',(4.,35.,-3.2));
#3526=CARTESIAN_POINT('',(64.,35.,-3.20000000000002));
#3527=CARTESIAN_POINT('',(4.,32.,-3.2));
#3528=CARTESIAN_POINT('',(64.,32.,-3.20000000000002));
#3529=CARTESIAN_POINT('',(4.,35.,-3.2));
#3530=CARTESIAN_POINT('Origin',(4.,35.,-4.));
#3531=CARTESIAN_POINT('',(3.2,35.,-4.));
#3532=CARTESIAN_POINT('Origin',(4.,35.,-4.));
#3533=CARTESIAN_POINT('',(3.2,32.,-4.));
#3534=CARTESIAN_POINT('Origin',(4.,32.,-4.));
#3535=CARTESIAN_POINT('',(3.2,35.,-4.));
#3536=CARTESIAN_POINT('Origin',(4.00000000000001,35.,-76.));
#3537=CARTESIAN_POINT('',(4.00000000000001,35.,-76.8));
#3538=CARTESIAN_POINT('',(3.20000000000001,35.,-76.));
#3539=CARTESIAN_POINT('Origin',(4.00000000000001,35.,-76.));
#3540=CARTESIAN_POINT('',(3.20000000000001,32.,-76.));
#3541=CARTESIAN_POINT('',(3.20000000000001,35.,-76.));
#3542=CARTESIAN_POINT('',(4.00000000000001,32.,-76.8));
#3543=CARTESIAN_POINT('Origin',(4.00000000000001,32.,-76.));
#3544=CARTESIAN_POINT('',(4.00000000000001,35.,-76.8));
#3545=CARTESIAN_POINT('Origin',(4.00000000000001,35.,-76.8));
#3546=CARTESIAN_POINT('',(24.,35.,-76.8));
#3547=CARTESIAN_POINT('',(24.,32.,-76.8));
#3548=CARTESIAN_POINT('Origin',(3.2,35.,-4.));
#3549=CARTESIAN_POINT('',(3.2,35.,-19.3786796564404));
#3550=CARTESIAN_POINT('',(3.2,35.,-22.));
#3551=CARTESIAN_POINT('',(3.2,32.,-19.3786796564404));
#3552=CARTESIAN_POINT('',(3.2,32.,-22.));
#3553=CARTESIAN_POINT('',(3.2,33.5,-19.3786796564404));
#3554=CARTESIAN_POINT('Origin',(3.2,35.,-4.));
#3555=CARTESIAN_POINT('',(3.20000000000001,35.,-60.6213203435597));
#3556=CARTESIAN_POINT('',(3.2,35.,-22.));
#3557=CARTESIAN_POINT('',(3.20000000000001,32.,-60.6213203435597));
#3558=CARTESIAN_POINT('',(3.20000000000001,35.,-60.6213203435597));
#3559=CARTESIAN_POINT('',(3.2,32.,-22.));
#3560=CARTESIAN_POINT('Origin',(2.76066017177982,32.,-18.9393398282202));
#3561=CARTESIAN_POINT('',(3.82132034355962,35.,-20.));
#3562=CARTESIAN_POINT('',(18.3356601717798,35.,-34.5143398282202));
#3563=CARTESIAN_POINT('',(3.82132034355966,32.,-20.));
#3564=CARTESIAN_POINT('',(18.3356601717798,32.,-34.5143398282202));
#3565=CARTESIAN_POINT('',(5.32132034355962,33.5,-21.5));
#3566=CARTESIAN_POINT('',(9.78088022903976,37.9595598854801,-25.9595598854801));
#3567=CARTESIAN_POINT('',(3.61421356237311,35.2071067811865,-19.7928932188135));
#3568=CARTESIAN_POINT('Origin',(2.76066017177983,35.,-61.0606601717798));
#3569=CARTESIAN_POINT('',(3.82132034355963,35.,-60.));
#3570=CARTESIAN_POINT('',(18.3356601717798,35.,-45.4856601717798));
#3571=CARTESIAN_POINT('',(5.32132034355962,33.5,-58.5));
#3572=CARTESIAN_POINT('',(9.78088022903967,29.0404401145198,-54.04044011452));
#3573=CARTESIAN_POINT('',(3.82132034355964,32.,-60.));
#3574=CARTESIAN_POINT('',(3.6142135623731,31.7928932188135,-60.2071067811866));
#3575=CARTESIAN_POINT('',(18.3356601717798,32.,-45.4856601717798));
#3576=CARTESIAN_POINT('Origin',(2.76066017177984,36.0606601717798,-20.));
#3577=CARTESIAN_POINT('',(3.82132034355963,35.,-30.));
#3578=CARTESIAN_POINT('',(5.32132034355962,33.5,-40.));
#3579=CARTESIAN_POINT('Origin',(85.2393398282202,36.0606601717798,-20.));
#3580=CARTESIAN_POINT('',(84.1786796564404,35.,-60.));
#3581=CARTESIAN_POINT('',(84.1786796564404,35.,-20.));
#3582=CARTESIAN_POINT('',(84.1786796564404,35.,-30.));
#3583=CARTESIAN_POINT('',(82.6786796564404,33.5,-58.5));
#3584=CARTESIAN_POINT('',(78.2191197709604,29.0404401145198,-54.04044011452));
#3585=CARTESIAN_POINT('',(82.6786796564404,33.5,-21.5));
#3586=CARTESIAN_POINT('',(82.6786796564404,33.5,-40.));
#3587=CARTESIAN_POINT('',(84.3857864376269,35.2071067811865,-19.7928932188135));
#3588=CARTESIAN_POINT('Origin',(85.2393398282202,35.,-61.0606601717798));
#3589=CARTESIAN_POINT('',(69.6643398282202,35.,-45.4856601717798));
#3590=CARTESIAN_POINT('',(84.1786796564404,32.,-60.));
#3591=CARTESIAN_POINT('',(69.6643398282202,32.,-45.4856601717798));
#3592=CARTESIAN_POINT('',(84.3857864376269,31.7928932188135,-60.2071067811866));
#3593=CARTESIAN_POINT('Origin',(85.2393398282202,30.9393398282202,-60.));
#3594=CARTESIAN_POINT('',(84.1786796564404,32.,-20.));
#3595=CARTESIAN_POINT('',(78.2191197709602,37.9595598854801,-25.9595598854801));
#3596=CARTESIAN_POINT('',(84.1786796564404,32.,-50.));
#3597=CARTESIAN_POINT('Origin',(85.2393398282202,32.,-18.9393398282202));
#3598=CARTESIAN_POINT('',(69.6643398282202,35.,-34.5143398282202));
#3599=CARTESIAN_POINT('',(69.6643398282202,32.,-34.5143398282202));
#3600=CARTESIAN_POINT('Origin',(44.,35.,-40.));
#3601=CARTESIAN_POINT('Origin',(2.76066017177983,30.9393398282202,-60.));
#3602=CARTESIAN_POINT('',(3.82132034355965,32.,-50.));
#3603=CARTESIAN_POINT('Origin',(86.3,35.,-20.));
#3604=CARTESIAN_POINT('',(86.3,35.,-60.));
#3605=CARTESIAN_POINT('',(79.6333333333334,28.3333333333333,-53.3333333333335));
#3606=CARTESIAN_POINT('',(86.3,35.,-20.));
#3607=CARTESIAN_POINT('',(86.3,35.,-58.));
#3608=CARTESIAN_POINT('',(85.8,34.5,-20.5));
#3609=CARTESIAN_POINT('Origin',(86.3,35.,-60.));
#3610=CARTESIAN_POINT('',(86.3,32.,-60.));
#3611=CARTESIAN_POINT('',(70.725,32.,-44.425));
#3612=CARTESIAN_POINT('',(86.3,35.,-60.));
#3613=CARTESIAN_POINT('Origin',(86.3,32.,-20.));
#3614=CARTESIAN_POINT('',(86.3,32.,-20.));
#3615=CARTESIAN_POINT('',(86.3,33.5,-20.));
#3616=CARTESIAN_POINT('',(70.725,32.,-35.575));
#3617=CARTESIAN_POINT('Origin',(44.,36.5,-40.));
#3618=CARTESIAN_POINT('',(88.,36.5,-4.));
#3619=CARTESIAN_POINT('',(88.,36.5,-76.));
#3620=CARTESIAN_POINT('',(88.,36.5,-4.));
#3621=CARTESIAN_POINT('',(84.,36.5,-80.));
#3622=CARTESIAN_POINT('Origin',(84.,36.5,-76.));
#3623=CARTESIAN_POINT('',(4.,36.5,-80.));
#3624=CARTESIAN_POINT('',(84.,36.5,-80.));
#3625=CARTESIAN_POINT('',(0.,36.5,-76.));
#3626=CARTESIAN_POINT('Origin',(4.00000000000001,36.5,-76.));
#3627=CARTESIAN_POINT('',(0.,36.5,-4.));
#3628=CARTESIAN_POINT('',(2.22044604925031E-15,36.5,-76.));
#3629=CARTESIAN_POINT('',(4.,36.5,0.));
#3630=CARTESIAN_POINT('Origin',(4.,36.5,-4.));
#3631=CARTESIAN_POINT('',(84.,36.5,0.));
#3632=CARTESIAN_POINT('',(4.,36.5,0.));
#3633=CARTESIAN_POINT('Origin',(84.,36.5,-4.00000000000002));
#3634=CARTESIAN_POINT('Origin',(86.3,35.,-76.));
#3635=CARTESIAN_POINT('',(86.3,35.,-4.00000000000002));
#3636=CARTESIAN_POINT('',(86.3,35.,-58.));
#3637=CARTESIAN_POINT('',(86.3,32.,-4.00000000000001));
#3638=CARTESIAN_POINT('',(86.3,35.,-4.00000000000002));
#3639=CARTESIAN_POINT('',(86.3,32.,-76.));
#3640=CARTESIAN_POINT('Origin',(88.,35.,-4.));
#3641=CARTESIAN_POINT('',(88.,35.,-4.));
#3642=CARTESIAN_POINT('',(88.,35.,-4.));
#3643=CARTESIAN_POINT('',(88.,35.,-76.));
#3644=CARTESIAN_POINT('',(88.,35.,-4.));
#3645=CARTESIAN_POINT('',(88.,35.,-76.));
#3646=CARTESIAN_POINT('Origin',(1.7,35.,-20.));
#3647=CARTESIAN_POINT('',(1.70000000000001,35.,-60.));
#3648=CARTESIAN_POINT('',(8.36666666666657,28.3333333333333,-53.3333333333335));
#3649=CARTESIAN_POINT('',(1.7,35.,-20.));
#3650=CARTESIAN_POINT('',(2.20000000000001,34.5,-20.5));
#3651=CARTESIAN_POINT('',(1.7,35.,-22.));
#3652=CARTESIAN_POINT('Origin',(1.70000000000001,35.,-60.));
#3653=CARTESIAN_POINT('',(1.70000000000001,32.,-60.));
#3654=CARTESIAN_POINT('',(1.7,35.,-60.));
#3655=CARTESIAN_POINT('',(17.275,32.,-44.425));
#3656=CARTESIAN_POINT('Origin',(1.7,32.,-20.));
#3657=CARTESIAN_POINT('',(1.7,32.,-20.));
#3658=CARTESIAN_POINT('',(1.7,33.5,-20.));
#3659=CARTESIAN_POINT('',(17.275,32.,-35.575));
#3660=CARTESIAN_POINT('Origin',(1.7,35.,-4.));
#3661=CARTESIAN_POINT('',(1.70000000000001,35.,-76.));
#3662=CARTESIAN_POINT('',(1.7,35.,-22.));
#3663=CARTESIAN_POINT('',(1.7,32.,-76.));
#3664=CARTESIAN_POINT('',(1.70000000000001,35.,-76.));
#3665=CARTESIAN_POINT('',(1.7,32.,-4.));
#3666=CARTESIAN_POINT('Origin',(4.00000000000001,35.,-78.3));
#3667=CARTESIAN_POINT('',(84.,35.,-78.3));
#3668=CARTESIAN_POINT('',(4.00000000000001,35.,-78.3));
#3669=CARTESIAN_POINT('',(24.,35.,-78.3));
#3670=CARTESIAN_POINT('',(84.,32.,-78.3));
#3671=CARTESIAN_POINT('',(84.,35.,-78.3));
#3672=CARTESIAN_POINT('',(4.,32.,-78.3));
#3673=CARTESIAN_POINT('',(4.00000000000001,32.,-78.3));
#3674=CARTESIAN_POINT('',(4.00000000000001,35.,-78.3));
#3675=CARTESIAN_POINT('Origin',(4.00000000000001,35.,-76.));
#3676=CARTESIAN_POINT('Origin',(4.00000000000001,35.,-76.));
#3677=CARTESIAN_POINT('Origin',(4.00000000000001,32.,-76.));
#3678=CARTESIAN_POINT('Origin',(1.7,35.,-4.));
#3679=CARTESIAN_POINT('',(1.7,32.,-4.));
#3680=CARTESIAN_POINT('',(1.7,32.,-4.));
#3681=CARTESIAN_POINT('',(1.7,35.,-4.));
#3682=CARTESIAN_POINT('',(1.7,35.,-4.));
#3683=CARTESIAN_POINT('',(1.7,35.,-22.));
#3684=CARTESIAN_POINT('Origin',(4.,35.,-4.));
#3685=CARTESIAN_POINT('',(4.,35.,-1.7));
#3686=CARTESIAN_POINT('Origin',(4.,35.,-4.));
#3687=CARTESIAN_POINT('',(4.,32.,-1.7));
#3688=CARTESIAN_POINT('Origin',(4.,32.,-4.));
#3689=CARTESIAN_POINT('',(4.,35.,-1.7));
#3690=CARTESIAN_POINT('Origin',(84.,35.,-1.70000000000002));
#3691=CARTESIAN_POINT('',(84.,35.,-1.70000000000002));
#3692=CARTESIAN_POINT('',(64.,35.,-1.70000000000002));
#3693=CARTESIAN_POINT('',(84.,32.,-1.70000000000003));
#3694=CARTESIAN_POINT('',(84.,32.,-1.70000000000002));
#3695=CARTESIAN_POINT('',(84.,35.,-1.70000000000002));
#3696=CARTESIAN_POINT('Origin',(84.,35.,-4.00000000000003));
#3697=CARTESIAN_POINT('Origin',(84.,35.,-4.00000000000003));
#3698=CARTESIAN_POINT('Origin',(84.,32.,-4.00000000000003));
#3699=CARTESIAN_POINT('Origin',(86.3,35.,-76.));
#3700=CARTESIAN_POINT('',(86.3,32.,-76.));
#3701=CARTESIAN_POINT('',(86.3,32.,-76.));
#3702=CARTESIAN_POINT('',(86.3,35.,-76.));
#3703=CARTESIAN_POINT('',(86.3,35.,-76.));
#3704=CARTESIAN_POINT('',(86.3,35.,-58.));
#3705=CARTESIAN_POINT('Origin',(84.,35.,-76.));
#3706=CARTESIAN_POINT('Origin',(84.,35.,-76.));
#3707=CARTESIAN_POINT('Origin',(84.,32.,-76.));
#3708=CARTESIAN_POINT('Origin',(44.,32.,-40.));
#3709=CARTESIAN_POINT('Origin',(4.,35.,0.));
#3710=CARTESIAN_POINT('',(4.,35.,0.));
#3711=CARTESIAN_POINT('',(84.,35.,0.));
#3712=CARTESIAN_POINT('',(4.,35.,0.));
#3713=CARTESIAN_POINT('',(84.,35.,0.));
#3714=CARTESIAN_POINT('',(4.,35.,0.));
#3715=CARTESIAN_POINT('Origin',(4.,35.,-4.));
#3716=CARTESIAN_POINT('',(0.,35.,-4.));
#3717=CARTESIAN_POINT('Origin',(4.,35.,-4.));
#3718=CARTESIAN_POINT('',(0.,35.,-4.));
#3719=CARTESIAN_POINT('Origin',(2.22044604925031E-15,35.,-76.));
#3720=CARTESIAN_POINT('',(2.22044604925031E-15,35.,-76.));
#3721=CARTESIAN_POINT('',(2.22044604925031E-15,35.,-76.));
#3722=CARTESIAN_POINT('',(2.22044604925031E-15,35.,-76.));
#3723=CARTESIAN_POINT('Origin',(4.00000000000001,35.,-76.));
#3724=CARTESIAN_POINT('',(4.,35.,-80.));
#3725=CARTESIAN_POINT('Origin',(4.00000000000001,35.,-76.));
#3726=CARTESIAN_POINT('',(4.,35.,-80.));
#3727=CARTESIAN_POINT('Origin',(84.,35.,-80.));
#3728=CARTESIAN_POINT('',(84.,35.,-80.));
#3729=CARTESIAN_POINT('',(84.,35.,-80.));
#3730=CARTESIAN_POINT('',(84.,35.,-80.));
#3731=CARTESIAN_POINT('Origin',(84.,35.,-76.));
#3732=CARTESIAN_POINT('Origin',(84.,35.,-76.));
#3733=CARTESIAN_POINT('Origin',(84.,35.,-4.00000000000002));
#3734=CARTESIAN_POINT('Origin',(84.,35.,-4.00000000000002));
#3735=CARTESIAN_POINT('Origin',(44.,35.,-40.));
#3736=CARTESIAN_POINT('',(0.,0.,0.));
#3737=CARTESIAN_POINT('',(0.,0.,0.));
#3738=CARTESIAN_POINT('',(0.,0.,0.));
#3739=UNCERTAINTY_MEASURE_WITH_UNIT(LENGTH_MEASURE(0.01),#3749,
'DISTANCE_ACCURACY_VALUE',
'Maximum model space distance between geometric entities at asserted c
onnectivities');
#3740=UNCERTAINTY_MEASURE_WITH_UNIT(LENGTH_MEASURE(0.01),#3749,
'DISTANCE_ACCURACY_VALUE',
'Maximum model space distance between geometric entities at asserted c
onnectivities');
#3741=UNCERTAINTY_MEASURE_WITH_UNIT(LENGTH_MEASURE(0.01),#3749,
'DISTANCE_ACCURACY_VALUE',
'Maximum model space distance between geometric entities at asserted c
onnectivities');
#3742=UNCERTAINTY_MEASURE_WITH_UNIT(LENGTH_MEASURE(0.01),#3749,
'DISTANCE_ACCURACY_VALUE',
'Maximum model space distance between geometric entities at asserted c
onnectivities');
#3743=UNCERTAINTY_MEASURE_WITH_UNIT(LENGTH_MEASURE(0.01),#3749,
'DISTANCE_ACCURACY_VALUE',
'Maximum model space distance between geometric entities at asserted c
onnectivities');
#3744=(
GEOMETRIC_REPRESENTATION_CONTEXT(3)
GLOBAL_UNCERTAINTY_ASSIGNED_CONTEXT((#3739))
GLOBAL_UNIT_ASSIGNED_CONTEXT((#3749,#3751,#3752))
REPRESENTATION_CONTEXT('','3D')
);
#3745=(
GEOMETRIC_REPRESENTATION_CONTEXT(3)
GLOBAL_UNCERTAINTY_ASSIGNED_CONTEXT((#3740))
GLOBAL_UNIT_ASSIGNED_CONTEXT((#3749,#3751,#3752))
REPRESENTATION_CONTEXT('','3D')
);
#3746=(
GEOMETRIC_REPRESENTATION_CONTEXT(3)
GLOBAL_UNCERTAINTY_ASSIGNED_CONTEXT((#3741))
GLOBAL_UNIT_ASSIGNED_CONTEXT((#3749,#3751,#3752))
REPRESENTATION_CONTEXT('','3D')
);
#3747=(
GEOMETRIC_REPRESENTATION_CONTEXT(3)
GLOBAL_UNCERTAINTY_ASSIGNED_CONTEXT((#3742))
GLOBAL_UNIT_ASSIGNED_CONTEXT((#3749,#3751,#3752))
REPRESENTATION_CONTEXT('','3D')
);
#3748=(
GEOMETRIC_REPRESENTATION_CONTEXT(3)
GLOBAL_UNCERTAINTY_ASSIGNED_CONTEXT((#3743))
GLOBAL_UNIT_ASSIGNED_CONTEXT((#3749,#3751,#3752))
REPRESENTATION_CONTEXT('','3D')
);
#3749=(
LENGTH_UNIT()
NAMED_UNIT(*)
SI_UNIT(.MILLI.,.METRE.)
);
#3750=(
LENGTH_UNIT()
NAMED_UNIT(*)
SI_UNIT($,.METRE.)
);
#3751=(
NAMED_UNIT(*)
PLANE_ANGLE_UNIT()
SI_UNIT($,.RADIAN.)
);
#3752=(
NAMED_UNIT(*)
SI_UNIT($,.STERADIAN.)
SOLID_ANGLE_UNIT()
);
#3753=SHAPE_DEFINITION_REPRESENTATION(#3757,#3764);
#3754=SHAPE_DEFINITION_REPRESENTATION(#3758,#3765);
#3755=SHAPE_DEFINITION_REPRESENTATION(#3759,#3766);
#3756=SHAPE_DEFINITION_REPRESENTATION(#3760,#3767);
#3757=PRODUCT_DEFINITION_SHAPE('',$,#3769);
#3758=PRODUCT_DEFINITION_SHAPE('',$,#3770);
#3759=PRODUCT_DEFINITION_SHAPE('',$,#3771);
#3760=PRODUCT_DEFINITION_SHAPE('',$,#3772);
#3761=PRODUCT_DEFINITION_SHAPE($,$,#20);
#3762=PRODUCT_DEFINITION_SHAPE($,$,#21);
#3763=PRODUCT_DEFINITION_SHAPE($,$,#22);
#3764=SHAPE_REPRESENTATION('',(#2242,#2447),#3744);
#3765=SHAPE_REPRESENTATION('',(#2243,#2445,#2446),#3745);
#3766=SHAPE_REPRESENTATION('',(#2244),#3746);
#3767=SHAPE_REPRESENTATION('',(#2366),#3747);
#3768=PRODUCT_DEFINITION_CONTEXT('part definition',#3782,'design');
#3769=PRODUCT_DEFINITION('Fusion360 Norm Box Template',
'Fusion360 Norm Box Template',#3773,#3768);
#3770=PRODUCT_DEFINITION('Enclosure','Enclosure',#3774,#3768);
#3771=PRODUCT_DEFINITION('Case','Case',#3775,#3768);
#3772=PRODUCT_DEFINITION('Top Cover','Top Cover',#3776,#3768);
#3773=PRODUCT_DEFINITION_FORMATION('',$,#3784);
#3774=PRODUCT_DEFINITION_FORMATION('',$,#3785);
#3775=PRODUCT_DEFINITION_FORMATION('',$,#3786);
#3776=PRODUCT_DEFINITION_FORMATION('',$,#3787);
#3777=PRODUCT_RELATED_PRODUCT_CATEGORY('Fusion360 Norm Box Template',
'Fusion360 Norm Box Template',(#3784));
#3778=PRODUCT_RELATED_PRODUCT_CATEGORY('Enclosure','Enclosure',(#3785));
#3779=PRODUCT_RELATED_PRODUCT_CATEGORY('Case','Case',(#3786));
#3780=PRODUCT_RELATED_PRODUCT_CATEGORY('Top Cover','Top Cover',(#3787));
#3781=APPLICATION_PROTOCOL_DEFINITION('international standard',
'automotive_design',2009,#3782);
#3782=APPLICATION_CONTEXT(
'Core Data for Automotive Mechanical Design Process');
#3783=PRODUCT_CONTEXT('part definition',#3782,'mechanical');
#3784=PRODUCT('Fusion360 Norm Box Template',
'Fusion360 Norm Box Template',$,(#3783));
#3785=PRODUCT('Enclosure','Enclosure',$,(#3783));
#3786=PRODUCT('Case','Case',$,(#3783));
#3787=PRODUCT('Top Cover','Top Cover',$,(#3783));
#3788=PRESENTATION_STYLE_ASSIGNMENT((#3790));
#3789=PRESENTATION_STYLE_ASSIGNMENT((#3791));
#3790=SURFACE_STYLE_USAGE(.BOTH.,#3792);
#3791=SURFACE_STYLE_USAGE(.BOTH.,#3793);
#3792=SURFACE_SIDE_STYLE('',(#3794));
#3793=SURFACE_SIDE_STYLE('',(#3795));
#3794=SURFACE_STYLE_FILL_AREA(#3796);
#3795=SURFACE_STYLE_FILL_AREA(#3797);
#3796=FILL_AREA_STYLE('Stahl - satiniert',(#3798));
#3797=FILL_AREA_STYLE('Steel - Satin',(#3799));
#3798=FILL_AREA_STYLE_COLOUR('Stahl - satiniert',#3800);
#3799=FILL_AREA_STYLE_COLOUR('Steel - Satin',#3801);
#3800=COLOUR_RGB('Stahl - satiniert',0.627450980392157,0.627450980392157,
0.627450980392157);
#3801=COLOUR_RGB('Steel - Satin',0.627450980392157,0.627450980392157,0.627450980392157);
ENDSEC;
END-ISO-10303-21;
